{"alpha": 0.185, "div_comm": [2.1212619509948523, 3], "div_party": [6.1027821157387, 32], "info_mutua": 0.5210858391822486, "modularity_ideology": 0.34966531207133056, "modularity_community": 0.4687546124828532, "modularity_party": 0.3375634259259258, "shortest_path_mean": 3.1879533813377363, "shortest_paths_pps": [{"Justicialista": {"Justicialista": [1.6651638677989355, 0.7339034162880159, 103], "Uni\u00f3n C\u00edvica Radical": [3.0270972007297425, 0.6870467746153541, 81]}, "Uni\u00f3n C\u00edvica Radical": {"Justicialista": [3.0270972007297425, 0.6870467746153541, 103], "Uni\u00f3n C\u00edvica Radical": [1.4148836215658114, 0.605582934966517, 81]}}, [2.050157236324198, 0.9756920843951319]], "shortest_paths_ideology": [{"Justicialismo": {"Justicialismo": [1.6651638677989355, 0.7339034162880159, 103], "Radicalismo": [3.0270972007297425, 0.6870467746153541, 81]}, "Radicalismo": {"Justicialismo": [3.0270972007297425, 0.6870467746153541, 103], "Radicalismo": [1.4148836215658114, 0.605582934966517, 81]}}, [2.050157236324198, 0.9756920843951319]]}