{"alpha": 0.185, "div_comm": [2.7912572352287928, 3], "div_party": [5.523216719333003, 28], "info_mutua": 0.5325180288920469, "modularity_ideology": 0.38231511191863743, "modularity_community": 0.4529171286324039, "modularity_party": 0.3603271134230239, "shortest_path_mean": 3.7963322227767935, "shortest_paths_ideology": [{"Justicialismo": {"Justicialismo": [1.925893943080626, 0.9290438437670145, 110], "Radicalismo": [3.7259517591806524, 0.7220027502025005, 82]}, "Radicalismo": {"Justicialismo": [3.7259517591806524, 0.7220027502025005, 110], "Radicalismo": [1.7784372256990768, 0.5558789439161557, 82]}}, [2.4777681376973515, 1.1731575876762097]]}