{"alpha": 0.21, "div_comm": [2.8307058487073213, 3], "div_party": [5.890841087793386, 31], "info_mutua": 0.5776006391265391, "modularity_ideology": 0.29699824488204013, "modularity_community": 0.3655833547923366, "modularity_party": 0.27654462039882005, "shortest_path_mean": 4.627183829297646, "shortest_paths_pps": [{"Justicialista": {"Justicialista": [2.3024120312646184, 1.0734041075229257, 119], "Uni\u00f3n C\u00edvica Radical": [4.002197892629291, 0.7123526508130592, 82]}, "Uni\u00f3n C\u00edvica Radical": {"Justicialista": [4.002197892629291, 0.7123526508130592, 119], "Uni\u00f3n C\u00edvica Radical": [1.6844165225013583, 0.5506672849383233, 82]}}, [2.712430567037265, 1.2655619718481506]], "shortest_paths_ideology": [{"Justicialismo": {"Justicialismo": [2.3024120312646184, 1.0734041075229257, 119], "Radicalismo": [4.002197892629291, 0.7123526508130592, 82]}, "Radicalismo": {"Justicialismo": [4.002197892629291, 0.7123526508130592, 119], "Radicalismo": [1.6844165225013583, 0.5506672849383233, 82]}}, [2.712430567037265, 1.2655619718481506]]}