{"alpha": 0.2, "div_comm": [2.0869603577578566, 3], "div_party": [5.443526300645651, 30], "info_mutua": 0.6139384156846365, "modularity_ideology": 0.39163169391388103, "modularity_community": 0.47938631418718447, "modularity_party": 0.3634752453109278, "shortest_path_mean": 3.649373790862209, "shortest_paths_pps": [{"Justicialista": {"Justicialista": [1.7632119663077377, 0.7679153515252205, 117], "Uni\u00f3n C\u00edvica Radical": [3.7631629738776877, 0.6435908241386363, 64], "FREPASO": [3.8028788876009973, 0.6314878705624349, 25]}, "Uni\u00f3n C\u00edvica Radical": {"Justicialista": [3.7631629738776877, 0.6435908241386363, 117], "Uni\u00f3n C\u00edvica Radical": [1.597664755703257, 0.4938589731952796, 64], "FREPASO": [1.7733773752738728, 0.4306810273944892, 25]}, "FREPASO": {"Justicialista": [3.8028788876009973, 0.6314878705624349, 117], "Uni\u00f3n C\u00edvica Radical": [1.7733773752738728, 0.4306810273944892, 64], "FREPASO": [1.7171303646007843, 0.48840182892551576, 25]}}, [2.4338321294595144, 1.1837053913687676]], "shortest_paths_ideology": [{"Justicialismo": {"Justicialismo": [1.7632119663077377, 0.7679153515252205, 117], "Radicalismo": [3.7631629738776877, 0.6435908241386363, 64], "Disidente 1": [3.8028788876009973, 0.6314878705624349, 25]}, "Radicalismo": {"Justicialismo": [3.7631629738776877, 0.6435908241386363, 117], "Radicalismo": [1.597664755703257, 0.4938589731952796, 64], "Disidente 1": [1.7733773752738728, 0.4306810273944892, 25]}, "Disidente 1": {"Justicialismo": [3.8028788876009973, 0.6314878705624349, 117], "Radicalismo": [1.7733773752738728, 0.4306810273944892, 64], "Disidente 1": [1.7171303646007843, 0.48840182892551576, 25]}}, [2.4338321294595144, 1.1837053913687676]]}