{"alpha": 0.19, "div_comm": [2.8732337868469675, 3], "div_party": [5.847664164457003, 36], "info_mutua": 0.49613425823654295, "modularity_ideology": 0.3044949653002671, "modularity_community": 0.46923757421228196, "modularity_party": 0.29135607274182396, "shortest_path_mean": 4.151802179361263, "shortest_paths_pps": [{"Justicialista": {"Justicialista": [2.030818331223887, 0.7687789806745352, 123], "Uni\u00f3n C\u00edvica Radical": [3.9714415127357574, 0.7410562280567816, 65], "FREPASO": [3.9202781688290615, 0.7717316352323332, 22]}, "Uni\u00f3n C\u00edvica Radical": {"Justicialista": [3.9714415127357574, 0.7410562280567816, 123], "Uni\u00f3n C\u00edvica Radical": [2.10820496687058, 0.6918402818977524, 65], "FREPASO": [2.0985151780878226, 0.7067341311662717, 22]}, "FREPASO": {"Justicialista": [3.9202781688290615, 0.7717316352323332, 123], "Uni\u00f3n C\u00edvica Radical": [2.0985151780878226, 0.7067341311662717, 65], "FREPASO": [2.017457893965733, 0.7731464267038334, 22]}}, [2.6933304704612495, 1.1732172489654882]], "shortest_paths_ideology": [{"Justicialismo": {"Justicialismo": [2.030818331223887, 0.7687789806745352, 123], "Radicalismo": [3.9714415127357574, 0.7410562280567816, 65], "Disidente 1": [3.9202781688290615, 0.7717316352323332, 22]}, "Radicalismo": {"Justicialismo": [3.9714415127357574, 0.7410562280567816, 123], "Radicalismo": [2.10820496687058, 0.6918402818977524, 65], "Disidente 1": [2.0985151780878226, 0.7067341311662717, 22]}, "Disidente 1": {"Justicialismo": [3.9202781688290615, 0.7717316352323332, 123], "Radicalismo": [2.0985151780878226, 0.7067341311662717, 65], "Disidente 1": [2.017457893965733, 0.7731464267038334, 22]}}, [2.6933304704612495, 1.1732172489654882]]}