{"alpha": 0.24, "div_comm": [2.5887525436784173, 4], "div_party": [5.217857148534932, 23], "info_mutua": 0.5797173705743421, "modularity_ideology": 0.2561785684314558, "modularity_community": 0.4276611498059032, "modularity_party": 0.2605526684503113, "shortest_path_mean": 4.075158532260833, "shortest_paths_pps": [{"Justicialista": {"Justicialista": [2.0966149916310544, 0.9385666304093747, 107], "Uni\u00f3n C\u00edvica Radical": [3.6136978816847085, 0.7699009498652665, 64], "FREPASO": [3.5829451613064363, 0.7148851706005508, 38]}, "Uni\u00f3n C\u00edvica Radical": {"Justicialista": [3.6136978816847085, 0.7699009498652665, 107], "Uni\u00f3n C\u00edvica Radical": [1.5116562972718015, 0.5774837063515509, 64], "FREPASO": [1.374898125704517, 0.4858785164509608, 38]}, "FREPASO": {"Justicialista": [3.5829451613064363, 0.7148851706005508, 107], "Uni\u00f3n C\u00edvica Radical": [1.374898125704517, 0.4858785164509608, 64], "FREPASO": [1.1819153810440188, 0.40764011260341243, 38]}}, [2.463279276011113, 1.1921836891405841]], "shortest_paths_ideology": [{"Justicialismo": {"Justicialismo": [2.0966149916310544, 0.9385666304093747, 107], "Radicalismo": [3.6136978816847085, 0.7699009498652665, 64], "Disidente 1": [3.5829451613064363, 0.7148851706005508, 38]}, "Radicalismo": {"Justicialismo": [3.6136978816847085, 0.7699009498652665, 107], "Radicalismo": [1.5116562972718015, 0.5774837063515509, 64], "Disidente 1": [1.374898125704517, 0.4858785164509608, 38]}, "Disidente 1": {"Justicialismo": [3.5829451613064363, 0.7148851706005508, 107], "Radicalismo": [1.374898125704517, 0.4858785164509608, 64], "Disidente 1": [1.1819153810440188, 0.40764011260341243, 38]}}, [2.463279276011113, 1.1921836891405841]]}