{"alpha": 0.25, "div_comm": [2.9586725755728183, 3], "div_party": [5.551633470439377, 27], "info_mutua": 0.5002641620620174, "modularity_ideology": 0.27600631729286457, "modularity_community": 0.45605284090437187, "modularity_party": 0.27474392720396684, "shortest_path_mean": 2.9703777507670464, "shortest_paths_pps": [{"Justicialista": {"Justicialista": [1.5783443499325978, 0.6022285920572071, 105], "Uni\u00f3n C\u00edvica Radical": [3.1127052614559463, 0.5790424222222008, 45], "FREPASO": [2.601391959051252, 0.6501327962613493, 35]}, "Uni\u00f3n C\u00edvica Radical": {"Justicialista": [3.1127052614559463, 0.5790424222222008, 105], "Uni\u00f3n C\u00edvica Radical": [1.5653876927958743, 0.8356798268091804, 45], "FREPASO": [1.5654762542458236, 0.6224087194449778, 35]}, "FREPASO": {"Justicialista": [2.601391959051252, 0.6501327962613493, 105], "Uni\u00f3n C\u00edvica Radical": [1.5654762542458236, 0.6224087194449778, 45], "FREPASO": [1.2275079368097566, 0.4943903960201999, 35]}}, [2.0176054932824914, 0.9090005122919143]], "shortest_paths_ideology": [{"Justicialismo": {"Justicialismo": [1.5783443499325978, 0.6022285920572071, 105], "Radicalismo": [3.1127052614559463, 0.5790424222222008, 45], "Disidente 1": [2.601391959051252, 0.6501327962613493, 35]}, "Radicalismo": {"Justicialismo": [3.1127052614559463, 0.5790424222222008, 105], "Radicalismo": [1.5653876927958743, 0.8356798268091804, 45], "Disidente 1": [1.5654762542458236, 0.6224087194449778, 35]}, "Disidente 1": {"Justicialismo": [2.601391959051252, 0.6501327962613493, 105], "Radicalismo": [1.5654762542458236, 0.6224087194449778, 45], "Disidente 1": [1.2275079368097566, 0.4943903960201999, 35]}}, [2.0176054932824914, 0.9090005122919143]]}