{"alpha": 0.24, "div_comm": [3.699453145959268, 5], "div_party": [5.490629288818921, 22], "info_mutua": 0.5645440549545127, "modularity_ideology": 0.20832503413884865, "modularity_community": 0.2843670391285337, "modularity_party": 0.19927165970132477, "shortest_path_mean": 4.346067437507754, "shortest_paths_pps": [{"Justicialista": {"Justicialista": [1.5691213216443585, 0.5172424988438321, 97], "Uni\u00f3n C\u00edvica Radical": [4.454611077786768, 0.6200015250250068, 61], "A.R.I": [NaN, NaN, NaN], "FREPASO": [3.995758700905685, 0.8296471071864228, 36], "Acci\u00f3n por la Rep\u00fablica": [3.052544156187902, 0.6469970803497644, 12]}, "Uni\u00f3n C\u00edvica Radical": {"Justicialista": [4.454611077786768, 0.6200015250250068, 97], "Uni\u00f3n C\u00edvica Radical": [3.3696114877234935, 1.0864154844873752, 61], "A.R.I": [NaN, NaN, NaN], "FREPASO": [3.2039316542313605, 1.0825915826260706, 36], "Acci\u00f3n por la Rep\u00fablica": [3.18558282462953, 0.8246493742221055, 12]}, "A.R.I": {"Justicialista": [NaN, NaN, NaN], "Uni\u00f3n C\u00edvica Radical": [NaN, NaN, NaN], "A.R.I": [NaN, NaN, NaN], "FREPASO": [NaN, NaN, NaN], "Acci\u00f3n por la Rep\u00fablica": [NaN, NaN, NaN]}, "FREPASO": {"Justicialista": [3.995758700905685, 0.8296471071864228, 97], "Uni\u00f3n C\u00edvica Radical": [3.2039316542313605, 1.0825915826260706, 61], "A.R.I": [NaN, NaN, NaN], "FREPASO": [2.7791988404955017, 1.1499446282160946, 36], "Acci\u00f3n por la Rep\u00fablica": [3.469970907833953, 0.7887260541084341, 12]}, "Acci\u00f3n por la Rep\u00fablica": {"Justicialista": [3.052544156187902, 0.6469970803497644, 97], "Uni\u00f3n C\u00edvica Radical": [3.18558282462953, 0.8246493742221055, 61], "A.R.I": [NaN, NaN, NaN], "FREPASO": [3.469970907833953, 0.7887260541084341, 36], "Acci\u00f3n por la Rep\u00fablica": [1.3389919665917738, 0.41514153805073, 12]}}, [3.016360948933439, 1.3709804379141186]], "shortest_paths_ideology": [{"Justicialismo": {"Justicialismo": [1.5691213216443585, 0.5172424988438321, 97], "Radicalismo": [4.454611077786768, 0.6200015250250068, 61], "Disidente 1": [3.995758700905685, 0.8296471071864228, 36], "Liberal": [3.052544156187902, 0.6469970803497644, 12]}, "Radicalismo": {"Justicialismo": [4.454611077786768, 0.6200015250250068, 97], "Radicalismo": [3.3696114877234935, 1.0864154844873752, 61], "Disidente 1": [3.2039316542313605, 1.0825915826260706, 36], "Liberal": [3.18558282462953, 0.8246493742221055, 12]}, "Disidente 1": {"Justicialismo": [3.995758700905685, 0.8296471071864228, 97], "Radicalismo": [3.2039316542313605, 1.0825915826260706, 61], "Disidente 1": [2.7791988404955017, 1.1499446282160946, 36], "Liberal": [3.469970907833953, 0.7887260541084341, 12]}, "Liberal": {"Justicialismo": [3.052544156187902, 0.6469970803497644, 97], "Radicalismo": [3.18558282462953, 0.8246493742221055, 61], "Disidente 1": [3.469970907833953, 0.7887260541084341, 36], "Liberal": [1.3389919665917738, 0.41514153805073, 12]}}, [3.016360948933439, 1.3709804379141186]]}