{"alpha": 0.22, "div_comm": [2.9177231886469204, 3], "div_party": [6.535709586509878, 27], "info_mutua": 0.5290907057815029, "modularity_ideology": 0.32729825876091306, "modularity_community": 0.48080613403334516, "modularity_party": 0.3408934832376347, "shortest_path_mean": 3.733756224507639, "shortest_paths_pps": [{"Justicialista": {"Justicialista": [1.7788801222397608, 0.7180176834367547, 92], "Uni\u00f3n C\u00edvica Radical": [3.798784309295306, 0.6123271009300776, 78], "A.R.I": [1.8116689879394898, 0.5696112212527857, 8], "FREPASO": [2.273627109586317, 1.0382850391074008, 27], "Acci\u00f3n por la Rep\u00fablica": [3.7118268926902482, 0.5708366693842918, 7]}, "Uni\u00f3n C\u00edvica Radical": {"Justicialista": [3.798784309295306, 0.6123271009300776, 92], "Uni\u00f3n C\u00edvica Radical": [1.5763160244286085, 0.7674860951360185, 78], "A.R.I": [3.929600724434473, 0.5084715766385602, 8], "FREPASO": [3.066087136406846, 0.851589151959443, 27], "Acci\u00f3n por la Rep\u00fablica": [1.9732713140832117, 0.7079439895596494, 7]}, "A.R.I": {"Justicialista": [1.8116689879394898, 0.5696112212527857, 92], "Uni\u00f3n C\u00edvica Radical": [3.929600724434473, 0.5084715766385602, 78], "A.R.I": [0.8581184775700843, 0.2911451152411738, 8], "FREPASO": [2.0182398409369937, 1.1189653490811833, 27], "Acci\u00f3n por la Rep\u00fablica": [3.978405661235946, 0.330325019096712, 7]}, "FREPASO": {"Justicialista": [2.273627109586317, 1.0382850391074008, 92], "Uni\u00f3n C\u00edvica Radical": [3.066087136406846, 0.851589151959443, 78], "A.R.I": [2.0182398409369937, 1.1189653490811833, 8], "FREPASO": [2.0444741879672863, 1.124147274789034, 27], "Acci\u00f3n por la Rep\u00fablica": [3.199123938243227, 0.6987348570044315, 7]}, "Acci\u00f3n por la Rep\u00fablica": {"Justicialista": [3.7118268926902482, 0.5708366693842918, 92], "Uni\u00f3n C\u00edvica Radical": [1.9732713140832117, 0.7079439895596494, 78], "A.R.I": [3.978405661235946, 0.330325019096712, 8], "FREPASO": [3.199123938243227, 0.6987348570044315, 27], "Acci\u00f3n por la Rep\u00fablica": [2.202641972761366, 0.7973071584775527, 7]}}, [2.464595598648194, 1.1919243926021132]], "shortest_paths_ideology": [{"Justicialismo": {"Justicialismo": [1.7788801222397608, 0.7180176834367547, 92], "Radicalismo": [3.6139363724249978, 0.838685502048272, 86], "Disidente 1": [2.273627109586317, 1.0382850391074008, 27], "Liberal": [3.7118268926902482, 0.5708366693842918, 7]}, "Radicalismo": {"Justicialismo": [3.6139363724249978, 0.838685502048272, 92], "Radicalismo": [1.9729042285610348, 1.14961507294886, 86], "Disidente 1": [2.9686129693863945, 0.9310493795109769, 27], "Liberal": [2.1597954393997454, 0.8966201751422866, 7]}, "Disidente 1": {"Justicialismo": [2.273627109586317, 1.0382850391074008, 92], "Radicalismo": [2.9686129693863945, 0.9310493795109769, 86], "Disidente 1": [2.0444741879672863, 1.124147274789034, 27], "Liberal": [3.199123938243227, 0.6987348570044315, 7]}, "Liberal": {"Justicialismo": [3.7118268926902482, 0.5708366693842918, 92], "Radicalismo": [2.1597954393997454, 0.8966201751422866, 86], "Disidente 1": [3.199123938243227, 0.6987348570044315, 27], "Liberal": [2.202641972761366, 0.7973071584775527, 7]}}, [2.494502465481401, 1.1999495471664192]]}