{"alpha": 0.17, "div_comm": [4.272190303740623, 5], "div_party": [9.52352570007761, 39], "info_mutua": 0.553086853703971, "modularity_ideology": 0.4140068026423835, "modularity_community": 0.6464736304531494, "modularity_party": 0.40423829450686105, "shortest_path_mean": 4.365301877817864, "shortest_paths_pps": [{"Justicialista": {"Justicialista": [2.353658006903152, 1.0868581991851656, 116], "Uni\u00f3n C\u00edvica Radical": [3.208891266114596, 0.8827345863228775, 65], "A.R.I": [4.204675783580325, 0.7786084881909162, 10], "FREPASO": [3.339926929698035, 0.9509232081644584, 8], "Alianza": [NaN, NaN, NaN], "Acci\u00f3n por la Rep\u00fablica": [2.9202963018776886, 0.9955195035746334, 2]}, "Uni\u00f3n C\u00edvica Radical": {"Justicialista": [3.208891266114596, 0.8827345863228775, 116], "Uni\u00f3n C\u00edvica Radical": [1.3114672291984208, 0.46139853876948766, 65], "A.R.I": [3.7493148664530356, 0.41724585877652914, 10], "FREPASO": [2.270250130504666, 0.8212784101851317, 8], "Alianza": [NaN, NaN, NaN], "Acci\u00f3n por la Rep\u00fablica": [3.73835994976614, 0.35212512658459666, 2]}, "A.R.I": {"Justicialista": [4.204675783580325, 0.7786084881909162, 116], "Uni\u00f3n C\u00edvica Radical": [3.7493148664530356, 0.41724585877652914, 65], "A.R.I": [0.89652069909005, 0.27971961267369516, 10], "FREPASO": [2.617477295785008, 1.1608338957140985, 8], "Alianza": [NaN, NaN, NaN], "Acci\u00f3n por la Rep\u00fablica": [4.604208051921857, 0.6316388666766742, 2]}, "FREPASO": {"Justicialista": [3.339926929698035, 0.9509232081644584, 116], "Uni\u00f3n C\u00edvica Radical": [2.270250130504666, 0.8212784101851317, 65], "A.R.I": [2.617477295785008, 1.1608338957140985, 10], "FREPASO": [1.8918579229455676, 1.0624561243570716, 8], "Alianza": [NaN, NaN, NaN], "Acci\u00f3n por la Rep\u00fablica": [3.7489621148359777, 0.7802562149037019, 2]}, "Alianza": {"Justicialista": [NaN, NaN, NaN], "Uni\u00f3n C\u00edvica Radical": [NaN, NaN, NaN], "A.R.I": [NaN, NaN, NaN], "FREPASO": [NaN, NaN, NaN], "Alianza": [NaN, NaN, NaN], "Acci\u00f3n por la Rep\u00fablica": [NaN, NaN, NaN]}, "Acci\u00f3n por la Rep\u00fablica": {"Justicialista": [2.9202963018776886, 0.9955195035746334, 116], "Uni\u00f3n C\u00edvica Radical": [3.73835994976614, 0.35212512658459666, 65], "A.R.I": [4.604208051921857, 0.6316388666766742, 10], "FREPASO": [3.7489621148359777, 0.7802562149037019, 8], "Alianza": [NaN, NaN, NaN], "Acci\u00f3n por la Rep\u00fablica": [3.545889011827243, 3.1401849173675503e-16, 2]}}, [2.5709487278018157, 1.1825763437042123]], "shortest_paths_ideology": [{"Justicialismo": {"Justicialismo": [2.353658006903152, 1.0868581991851656, 116], "Radicalismo": [3.341662535110027, 0.9331336941272323, 75], "Disidente 1": [3.339926929698035, 0.9509232081644584, 8], "Disidente 2": [NaN, NaN, NaN], "Liberal": [2.9202963018776886, 0.9955195035746334, 2]}, "Radicalismo": {"Justicialismo": [3.341662535110027, 0.9331336941272323, 116], "Radicalismo": [1.8757657410400872, 1.1305110404297911, 75], "Disidente 1": [2.3165470858753783, 0.8821386854615187, 8], "Disidente 2": [NaN, NaN, NaN], "Liberal": [3.8538063633869015, 0.4972792933269924, 2]}, "Disidente 1": {"Justicialismo": [3.339926929698035, 0.9509232081644584, 116], "Radicalismo": [2.3165470858753783, 0.8821386854615187, 75], "Disidente 1": [1.8918579229455676, 1.0624561243570716, 8], "Disidente 2": [NaN, NaN, NaN], "Liberal": [3.7489621148359777, 0.7802562149037019, 2]}, "Disidente 2": {"Justicialismo": [NaN, NaN, NaN], "Radicalismo": [NaN, NaN, NaN], "Disidente 1": [NaN, NaN, NaN], "Disidente 2": [NaN, NaN, NaN], "Liberal": [NaN, NaN, NaN]}, "Liberal": {"Justicialismo": [2.9202963018776886, 0.9955195035746334, 116], "Radicalismo": [3.8538063633869015, 0.4972792933269924, 75], "Disidente 1": [3.7489621148359777, 0.7802562149037019, 8], "Disidente 2": [NaN, NaN, NaN], "Liberal": [3.545889011827243, 3.1401849173675503e-16, 2]}}, [2.5968495119937303, 1.1838175980651413]]}