{"alpha": 0.17, "div_comm": [3.9892027962512433, 4], "div_party": [11.817657780696328, 55], "info_mutua": 0.537806723899763, "modularity_ideology": 0.4201562360205797, "modularity_community": 0.562068368758026, "modularity_party": 0.39003245392419816, "shortest_path_mean": 4.19753711599887, "shortest_paths_pps": [{"F.F.J. Azul y Blanco                    ": {"F.F.J. Azul y Blanco                    ": [NaN, NaN, NaN], "Justicialista": [NaN, NaN, NaN], "Uni\u00f3n C\u00edvica Radical": [NaN, NaN, NaN], "A.R.I": [NaN, NaN, NaN]}, "Justicialista": {"F.F.J. Azul y Blanco                    ": [NaN, NaN, NaN], "Justicialista": [1.9057499405240121, 0.9102706041753946, 103], "Uni\u00f3n C\u00edvica Radical": [3.4122604690588805, 0.7048496412158419, 62], "A.R.I": [4.259503985735943, 0.5427400999165111, 10]}, "Uni\u00f3n C\u00edvica Radical": {"F.F.J. Azul y Blanco                    ": [NaN, NaN, NaN], "Justicialista": [3.4122604690588805, 0.7048496412158419, 103], "Uni\u00f3n C\u00edvica Radical": [1.7777933319793067, 0.6395590367978001, 62], "A.R.I": [2.416674025709318, 0.6355104236523406, 10]}, "A.R.I": {"F.F.J. Azul y Blanco                    ": [NaN, NaN, NaN], "Justicialista": [4.259503985735943, 0.5427400999165111, 103], "Uni\u00f3n C\u00edvica Radical": [2.416674025709318, 0.6355104236523406, 62], "A.R.I": [1.1869416090830507, 0.3978084166062881, 10]}}, [2.432884754948871, 1.1224175058977397]], "shortest_paths_ideology": [{"Peronismo disidente": {"Peronismo disidente": [NaN, NaN, NaN], "Justicialismo": [NaN, NaN, NaN], "Radicalismo": [NaN, NaN, NaN]}, "Justicialismo": {"Peronismo disidente": [NaN, NaN, NaN], "Justicialismo": [1.9057499405240121, 0.9102706041753946, 103], "Radicalismo": [3.5299331797084728, 0.7446971471583864, 72]}, "Radicalismo": {"Peronismo disidente": [NaN, NaN, NaN], "Justicialismo": [3.5299331797084728, 0.7446971471583864, 103], "Radicalismo": [1.9223620732086786, 0.698299706366492, 72]}}, [2.432448339311506, 1.1121081913268653]]}