{"alpha": 0.26, "div_comm": [2.4084919538909215, 3], "div_party": [8.714685101181114, 43], "info_mutua": 0.5549847882353638, "modularity_ideology": 0.4010375159935994, "modularity_community": 0.4818215255771844, "modularity_party": 0.3386781231137768, "shortest_path_mean": 4.518808771887063, "shortest_paths_pps": [{"Justicialista": {"Justicialista": [1.0943014954549426, 0.5648261232816473, 125], "Uni\u00f3n C\u00edvica Radical": [3.6677994775582734, 0.39940470027648056, 44], "A.R.I": [3.792191677789027, 0.48677516893824835, 10]}, "Uni\u00f3n C\u00edvica Radical": {"Justicialista": [3.6677994775582734, 0.39940470027648056, 125], "Uni\u00f3n C\u00edvica Radical": [1.1161211214720552, 0.3950804307644519, 44], "A.R.I": [1.533482887302168, 0.48408365591875013, 10]}, "A.R.I": {"Justicialista": [3.792191677789027, 0.48677516893824835, 125], "Uni\u00f3n C\u00edvica Radical": [1.533482887302168, 0.48408365591875013, 44], "A.R.I": [0.9807346002557097, 0.2510410290119149, 10]}}, [1.8139521544087718, 1.2631750747741068]], "shortest_paths_ideology": [{"Justicialismo": {"Justicialismo": [1.0943014954549426, 0.5648261232816473, 125], "Radicalismo": [3.690835070193599, 0.4197583389361029, 54]}, "Radicalismo": {"Justicialismo": [3.690835070193599, 0.4197583389361029, 125], "Radicalismo": [1.2401929478246159, 0.4647190989828411, 54]}}, [1.8090367366788704, 1.2542362055257232]]}