{"alpha": 0.21, "div_comm": [3.969434607659588, 4], "div_party": [11.106017782270731, 59], "info_mutua": 0.48618398111111033, "modularity_ideology": 0.3327796040616554, "modularity_community": 0.6320193332647547, "modularity_party": 0.3040786807819775, "shortest_path_mean": 4.485698970590865, "shortest_paths_pps": [{"Justicialista": {"Justicialista": [1.569505946475859, 0.9395683521707971, 121], "Uni\u00f3n C\u00edvica Radical": [3.103628665060183, 0.6757301731050277, 44], "A.R.I": [4.129178430050695, 0.5927384106269399, 10]}, "Uni\u00f3n C\u00edvica Radical": {"Justicialista": [3.103628665060183, 0.6757301731050277, 121], "Uni\u00f3n C\u00edvica Radical": [1.4600093303360155, 0.8704362846537753, 44], "A.R.I": [2.8583550140627514, 0.7534369886598888, 10]}, "A.R.I": {"Justicialista": [4.129178430050695, 0.5927384106269399, 121], "Uni\u00f3n C\u00edvica Radical": [2.8583550140627514, 0.7534369886598888, 44], "A.R.I": [1.1680731515571434, 0.4817844420184941, 10]}}, [2.065327247024516, 1.1840343703200218]], "shortest_paths_ideology": [{"Justicialismo": {"Justicialismo": [1.569505946475859, 0.9395683521707971, 121], "Radicalismo": [3.293545288206574, 0.7718918281758445, 54]}, "Radicalismo": {"Justicialismo": [3.293545288206574, 0.7718918281758445, 121], "Radicalismo": [1.8816724765508017, 1.0535360453191274, 54]}}, [2.0799796455084674, 1.182340070680958]]}