{"alpha": 0.145, "div_comm": [2.4094950559867803, 3], "div_party": [10.987648804130533, 44], "info_mutua": 0.5773834968000017, "modularity_ideology": 0.42384378244435494, "modularity_community": 0.49237688748428815, "modularity_party": 0.36781083658307484, "shortest_path_mean": 4.207779558944642, "shortest_paths_pps": [{"Frente para la Victoria - PJ": {"Frente para la Victoria - PJ": [1.379775483225625, 0.6997707700310494, 110], "Uni\u00f3n C\u00edvica Radical": [4.806772625369611, 0.6090729833379672, 37], "A.R.I": [4.802883789228793, 0.6131072738742752, 15], "Propuesta Republicana": [4.653558314753303, 0.6629383226536166, 11], "Peronista Federal": [1.596188834728877, 0.5313261440820402, 18], "Justicialista Nacional": [4.155918579634882, 0.5143735896307027, 11]}, "Uni\u00f3n C\u00edvica Radical": {"Frente para la Victoria - PJ": [4.806772625369611, 0.6090729833379672, 110], "Uni\u00f3n C\u00edvica Radical": [1.37874157350042, 0.4752158208758347, 37], "A.R.I": [1.597104700032769, 0.5272921205746542, 15], "Propuesta Republicana": [2.0902790543585654, 0.4942402423067356, 11], "Peronista Federal": [4.975686069811056, 0.6467691395970924, 18], "Justicialista Nacional": [2.166874174705774, 0.4339940949287235, 11]}, "A.R.I": {"Frente para la Victoria - PJ": [4.802883789228793, 0.6131072738742752, 110], "Uni\u00f3n C\u00edvica Radical": [1.597104700032769, 0.5272921205746542, 37], "A.R.I": [1.225628047394789, 0.4595304056020643, 15], "Propuesta Republicana": [2.358624467717837, 0.4315584691446733, 11], "Peronista Federal": [4.982531976212884, 0.6207887995357705, 18], "Justicialista Nacional": [2.2576253642151203, 0.4769926595586112, 11]}, "Propuesta Republicana": {"Frente para la Victoria - PJ": [4.653558314753303, 0.6629383226536166, 110], "Uni\u00f3n C\u00edvica Radical": [2.0902790543585654, 0.4942402423067356, 37], "A.R.I": [2.358624467717837, 0.4315584691446733, 15], "Propuesta Republicana": [1.3211866374529948, 0.36449633933639114, 11], "Peronista Federal": [4.816016189541289, 0.7205341013621811, 18], "Justicialista Nacional": [2.368374563810446, 0.4548402042890925, 11]}, "Peronista Federal": {"Frente para la Victoria - PJ": [1.596188834728877, 0.5313261440820402, 110], "Uni\u00f3n C\u00edvica Radical": [4.975686069811056, 0.6467691395970924, 37], "A.R.I": [4.982531976212884, 0.6207887995357705, 15], "Propuesta Republicana": [4.816016189541289, 0.7205341013621811, 11], "Peronista Federal": [1.5765930289773933, 0.3840636670839721, 18], "Justicialista Nacional": [4.32237539801297, 0.6000654810500268, 11]}, "Justicialista Nacional": {"Frente para la Victoria - PJ": [4.155918579634882, 0.5143735896307027, 110], "Uni\u00f3n C\u00edvica Radical": [2.166874174705774, 0.4339940949287235, 37], "A.R.I": [2.2576253642151203, 0.4769926595586112, 15], "Propuesta Republicana": [2.368374563810446, 0.4548402042890925, 11], "Peronista Federal": [4.32237539801297, 0.6000654810500268, 18], "Justicialista Nacional": [1.4071832758051794, 0.4166595508619133, 11]}}, [2.5929007225450293, 1.6805772176869345]], "shortest_paths_ideology": [{"Justicialismo": {"Justicialismo": [1.379775483225625, 0.6997707700310494, 110], "Radicalismo": [4.805650845713607, 0.6102420013781724, 52], "PRO": [4.653558314753303, 0.6629383226536166, 11], "Peronismo disidente": [2.567120806934603, 1.348405682628133, 29]}, "Radicalismo": {"Justicialismo": [4.805650845713607, 0.6102420013781724, 110], "Radicalismo": [1.4580135305022017, 0.5119085120814453, 52], "PRO": [2.1676863851352786, 0.4922537943377931, 11], "Peronismo disidente": [3.9214300598623257, 1.4682257687838638, 29]}, "PRO": {"Justicialismo": [4.653558314753303, 0.6629383226536166, 110], "Radicalismo": [2.1676863851352786, 0.4922537943377931, 52], "PRO": [1.3211866374529948, 0.36449633933639114, 11], "Peronismo disidente": [3.887600400470969, 1.3458038122577376, 29]}, "Peronismo disidente": {"Justicialismo": [2.567120806934603, 1.348405682628133, 110], "Radicalismo": [3.9214300598623257, 1.4682257687838638, 52], "PRO": [3.887600400470969, 1.3458038122577376, 11], "Peronismo disidente": [2.892719562584715, 1.4843247806493571, 29]}}, [2.5854146702446466, 1.6725049936046668]]}