{"alpha": 0.13, "div_comm": [2.9481498880762596, 3], "div_party": [12.300762759113226, 54], "info_mutua": 0.4272425940977508, "modularity_ideology": 0.3074532308442693, "modularity_community": 0.4327215118846311, "modularity_party": 0.28761452806796983, "shortest_path_mean": 4.896904722391554, "shortest_paths_pps": [{"Frente para la Victoria - PJ": {"Frente para la Victoria - PJ": [1.517971001869284, 0.4784486977900031, 111], "Uni\u00f3n C\u00edvica Radical": [3.856166447608325, 0.85342498099714, 41], "A.R.I": [4.372838838474237, 0.46111502232180623, 14], "Propuesta Republicana": [3.5304166100360264, 0.5200665760824698, 10], "Peronista Federal": [1.6112668050959575, 0.423760281752103, 17], "Justicialista Nacional": [3.840432472889178, 0.9754037121497384, 10]}, "Uni\u00f3n C\u00edvica Radical": {"Frente para la Victoria - PJ": [3.856166447608325, 0.85342498099714, 111], "Uni\u00f3n C\u00edvica Radical": [2.224088861332693, 1.0175040787557077, 41], "A.R.I": [2.3979551830397656, 0.723708360741389, 14], "Propuesta Republicana": [2.3344936811509647, 0.7739343270303221, 10], "Peronista Federal": [3.966863660510232, 0.8359750777706095, 17], "Justicialista Nacional": [3.1048198241918388, 0.9932861980423223, 10]}, "A.R.I": {"Frente para la Victoria - PJ": [4.372838838474237, 0.46111502232180623, 111], "Uni\u00f3n C\u00edvica Radical": [2.3979551830397656, 0.723708360741389, 41], "A.R.I": [1.1717739723094884, 0.31361603997156284, 14], "Propuesta Republicana": [2.333704104059692, 0.4740469730513347, 10], "Peronista Federal": [4.482769934958555, 0.3205882665716767, 17], "Justicialista Nacional": [2.9820935274733666, 0.8102973133187831, 10]}, "Propuesta Republicana": {"Frente para la Victoria - PJ": [3.5304166100360264, 0.5200665760824698, 111], "Uni\u00f3n C\u00edvica Radical": [2.3344936811509647, 0.7739343270303221, 41], "A.R.I": [2.333704104059692, 0.4740469730513347, 14], "Propuesta Republicana": [1.3667449245317316, 0.4142012152672556, 10], "Peronista Federal": [3.786994481047547, 0.3552408296485061, 17], "Justicialista Nacional": [3.2115954568669296, 0.9036638064340049, 10]}, "Peronista Federal": {"Frente para la Victoria - PJ": [1.6112668050959575, 0.423760281752103, 111], "Uni\u00f3n C\u00edvica Radical": [3.966863660510232, 0.8359750777706095, 41], "A.R.I": [4.482769934958555, 0.3205882665716767, 14], "Propuesta Republicana": [3.786994481047547, 0.3552408296485061, 10], "Peronista Federal": [1.6115775544884887, 0.4334381968052322, 17], "Justicialista Nacional": [3.929001665823893, 0.9472203697929811, 10]}, "Justicialista Nacional": {"Frente para la Victoria - PJ": [3.840432472889178, 0.9754037121497384, 111], "Uni\u00f3n C\u00edvica Radical": [3.1048198241918388, 0.9932861980423223, 41], "A.R.I": [2.9820935274733666, 0.8102973133187831, 14], "Propuesta Republicana": [3.2115954568669296, 0.9036638064340049, 10], "Peronista Federal": [3.929001665823893, 0.9472203697929811, 17], "Justicialista Nacional": [3.2652399665609715, 1.0645285666896351, 10]}}, [2.473698643068201, 1.2910870270988979]], "shortest_paths_ideology": [{"Justicialismo": {"Justicialismo": [1.517971001869284, 0.4784486977900031, 111], "Radicalismo": [3.9876830561923753, 0.8048090913498349, 55], "PRO": [3.5304166100360264, 0.5200665760824698, 10], "Peronismo disidente": [2.436883719093447, 1.274453959555919, 27]}, "Radicalismo": {"Justicialismo": [3.9876830561923753, 0.8048090913498349, 111], "Radicalismo": [2.226808466557439, 0.9271999140164255, 55], "PRO": [2.3342926978913674, 0.7097251966062987, 10], "Peronismo disidente": [3.718701978222689, 0.9779857813783499, 27]}, "PRO": {"Justicialismo": [3.5304166100360264, 0.5200665760824698, 111], "Radicalismo": [2.3342926978913674, 0.7097251966062987, 55], "PRO": [1.3667449245317316, 0.4142012152672556, 10], "Peronismo disidente": [3.573883731351022, 0.6775778962060461, 27]}, "Peronismo disidente": {"Justicialismo": [2.436883719093447, 1.274453959555919, 111], "Radicalismo": [3.718701978222689, 0.9779857813783499, 55], "PRO": [3.573883731351022, 0.6775778962060461, 10], "Peronismo disidente": [2.945984698278462, 1.3504271010596034, 27]}}, [2.4808566608228477, 1.2852948532008863]]}