{"alpha": 0.222, "div_comm": [2.5638702152242434, 3], "div_party": [11.469619385229947, 42], "info_mutua": 0.5845965371945433, "modularity_ideology": 0.23480107574528425, "modularity_community": 0.46378791184069695, "modularity_party": 0.20219849477465932, "shortest_path_mean": 3.4980555806753335, "shortest_paths_pps": [{"Frente para la Victoria - PJ": {"Frente para la Victoria - PJ": [1.187598381013807, 0.6295654385863592, 100], "Uni\u00f3n C\u00edvica Radical": [3.3263169909307444, 0.4521739541431145, 24], "Coalici\u00f3n C\u00edvica - ARI - GEN - UPT": [3.313571658709172, 0.3671549596379774, 18], "Propuesta Republicana": [3.3215827505862405, 0.3969572062651131, 9], "Partido Socialista": [2.4831408662716274, 0.4052719129251316, 10]}, "Uni\u00f3n C\u00edvica Radical": {"Frente para la Victoria - PJ": [3.3263169909307444, 0.4521739541431145, 100], "Uni\u00f3n C\u00edvica Radical": [1.2007802780248569, 0.4632313429558856, 24], "Coalici\u00f3n C\u00edvica - ARI - GEN - UPT": [1.2749889602293873, 0.4141102070978863, 18], "Propuesta Republicana": [1.56820931483378, 0.4921453554363474, 9], "Partido Socialista": [1.7842280569377968, 0.3709826377780764, 10]}, "Coalici\u00f3n C\u00edvica - ARI - GEN - UPT": {"Frente para la Victoria - PJ": [3.313571658709172, 0.3671549596379774, 100], "Uni\u00f3n C\u00edvica Radical": [1.2749889602293873, 0.4141102070978863, 24], "Coalici\u00f3n C\u00edvica - ARI - GEN - UPT": [1.0495337859762173, 0.30555440365421593, 18], "Propuesta Republicana": [1.4981596556774492, 0.4121334346953627, 9], "Partido Socialista": [1.6057046843311509, 0.39046547284285316, 10]}, "Propuesta Republicana": {"Frente para la Victoria - PJ": [3.3215827505862405, 0.3969572062651131, 100], "Uni\u00f3n C\u00edvica Radical": [1.56820931483378, 0.4921453554363474, 24], "Coalici\u00f3n C\u00edvica - ARI - GEN - UPT": [1.4981596556774492, 0.4121334346953627, 18], "Propuesta Republicana": [1.0978930682555346, 0.2981431406847895, 9], "Partido Socialista": [1.8037816039677306, 0.3485588760073831, 10]}, "Partido Socialista": {"Frente para la Victoria - PJ": [2.4831408662716274, 0.4052719129251316, 100], "Uni\u00f3n C\u00edvica Radical": [1.7842280569377968, 0.3709826377780764, 24], "Coalici\u00f3n C\u00edvica - ARI - GEN - UPT": [1.6057046843311509, 0.39046547284285316, 18], "Propuesta Republicana": [1.8037816039677306, 0.3485588760073831, 9], "Partido Socialista": [0.7948692807934256, 0.1304008254287186, 10]}}, [1.871524857914678, 1.0921800854756407]], "shortest_paths_ideology": [{"Justicialismo": {"Justicialismo": [1.187598381013807, 0.6295654385863592, 100], "Radicalismo": [3.320854705692928, 0.4179083814395809, 42], "PRO": [3.3215827505862405, 0.3969572062651131, 9], "Socialismo": [2.4831408662716274, 0.4052719129251316, 10]}, "Radicalismo": {"Justicialismo": [3.320854705692928, 0.4179083814395809, 100], "Radicalismo": [1.2111373482094274, 0.4220665425019514, 42], "PRO": [1.5381880323382096, 0.46086905948229523, 9], "Socialismo": [1.7077180401063772, 0.38960376053297346, 10]}, "PRO": {"Justicialismo": [3.3215827505862405, 0.3969572062651131, 100], "Radicalismo": [1.5381880323382096, 0.46086905948229523, 42], "PRO": [1.0978930682555346, 0.2981431406847895, 9], "Socialismo": [1.8037816039677306, 0.3485588760073831, 10]}, "Socialismo": {"Justicialismo": [2.4831408662716274, 0.4052719129251316, 100], "Radicalismo": [1.7077180401063772, 0.38960376053297346, 42], "PRO": [1.8037816039677306, 0.3485588760073831, 9], "Socialismo": [0.7948692807934256, 0.1304008254287186, 10]}}, [1.8577967784452534, 1.0850591613202478]]}