{"alpha": 0.2, "div_comm": [1.9961273488932614, 2], "div_party": [14.93757680822912, 50], "info_mutua": 0.462624631087059, "modularity_ideology": 0.21307776549938806, "modularity_community": 0.42929777271966824, "modularity_party": 0.19411296216397084, "shortest_path_mean": 4.222898788185527, "shortest_paths_pps": [{"Frente para la Victoria - PJ": {"Frente para la Victoria - PJ": [0.8828311546123059, 0.38098417347251606, 93], "Uni\u00f3n C\u00edvica Radical": [2.931603152167953, 0.6150547212906723, 29], "Coalici\u00f3n C\u00edvica - ARI - GEN - UPT": [3.061089647486205, 0.4875116917955237, 15], "Propuesta Republicana": [3.1515979557773712, 0.43792656980722144, 8], "Partido Socialista": [2.746483187727825, 0.36160811525370845, 10]}, "Uni\u00f3n C\u00edvica Radical": {"Frente para la Victoria - PJ": [2.931603152167953, 0.6150547212906723, 93], "Uni\u00f3n C\u00edvica Radical": [1.7467504781569654, 0.6650809748109933, 29], "Coalici\u00f3n C\u00edvica - ARI - GEN - UPT": [2.025534048410469, 0.5685921805232204, 15], "Propuesta Republicana": [2.0496384401415315, 0.5847767925335099, 8], "Partido Socialista": [1.6521915891804284, 0.5478884123832022, 10]}, "Coalici\u00f3n C\u00edvica - ARI - GEN - UPT": {"Frente para la Victoria - PJ": [3.061089647486205, 0.4875116917955237, 93], "Uni\u00f3n C\u00edvica Radical": [2.025534048410469, 0.5685921805232204, 29], "Coalici\u00f3n C\u00edvica - ARI - GEN - UPT": [1.305702511580669, 0.38462773606529754, 15], "Propuesta Republicana": [1.9953852779545782, 0.5640639522413848, 8], "Partido Socialista": [1.3557214488361933, 0.3904738682130933, 10]}, "Propuesta Republicana": {"Frente para la Victoria - PJ": [3.1515979557773712, 0.43792656980722144, 93], "Uni\u00f3n C\u00edvica Radical": [2.0496384401415315, 0.5847767925335099, 29], "Coalici\u00f3n C\u00edvica - ARI - GEN - UPT": [1.9953852779545782, 0.5640639522413848, 15], "Propuesta Republicana": [1.4497732647866237, 0.4875825209485935, 8], "Partido Socialista": [1.6435248140131702, 0.5539385948179998, 10]}, "Partido Socialista": {"Frente para la Victoria - PJ": [2.746483187727825, 0.36160811525370845, 93], "Uni\u00f3n C\u00edvica Radical": [1.6521915891804284, 0.5478884123832022, 29], "Coalici\u00f3n C\u00edvica - ARI - GEN - UPT": [1.3557214488361933, 0.3904738682130933, 15], "Propuesta Republicana": [1.6435248140131702, 0.5539385948179998, 8], "Partido Socialista": [0.8923039880526733, 0.23443704149594038, 10]}}, [1.7204500850779352, 1.0587617706306476]], "shortest_paths_ideology": [{"Justicialismo": {"Justicialismo": [0.8828311546123059, 0.38098417347251606, 93], "Radicalismo": [2.9757462755719026, 0.5780306289414128, 44], "PRO": [3.1515979557773712, 0.43792656980722144, 8], "Socialismo": [2.746483187727825, 0.36160811525370845, 10]}, "Radicalismo": {"Justicialismo": [2.9757462755719026, 0.5780306289414128, 93], "Radicalismo": [1.8259902419727825, 0.6371582617050183, 44], "PRO": [2.031143043941434, 0.5783710417850508, 8], "Socialismo": [1.5511222231539845, 0.5192055712911476, 10]}, "PRO": {"Justicialismo": [3.1515979557773712, 0.43792656980722144, 93], "Radicalismo": [2.031143043941434, 0.5783710417850508, 44], "PRO": [1.4497732647866237, 0.4875825209485935, 8], "Socialismo": [1.6435248140131702, 0.5539385948179998, 10]}, "Socialismo": {"Justicialismo": [2.746483187727825, 0.36160811525370845, 93], "Radicalismo": [1.5511222231539845, 0.5192055712911476, 44], "PRO": [1.6435248140131702, 0.5539385948179998, 8], "Socialismo": [0.8923039880526733, 0.23443704149594038, 10]}}, [1.7281542255661304, 1.0502971594771666]]}