{"alpha": 0.22, "div_comm": [1.9922845024989768, 2], "div_party": [11.789019035692796, 38], "info_mutua": 0.5157186337707762, "modularity_ideology": 0.19903863211023287, "modularity_community": 0.4641833753498104, "modularity_party": 0.18361362855164265, "shortest_path_mean": 3.2533814410684436, "shortest_paths_pps": [{"Frente para la Victoria - PJ": {"Frente para la Victoria - PJ": [1.1217890698399686, 0.633006151574883, 80], "Frente para la Victoria - Partido Bloqui": [1.1578755661840168, 0.4789159398894114, 1], "Uni\u00f3n C\u00edvica Radical": [3.5873730907438475, 0.5477969465944255, 39], "GEN": [3.1594343260298445, 0.43949420766096836, 5], "Coalici\u00f3n C\u00edvica": [3.5922125208402393, 0.7437445043589243, 16], "Propuesta Republicana": [4.1423880709657555, 0.4973824401539671, 11], "Peronismo Federal": [3.546026093677715, 0.5418750780996334, 25]}, "Frente para la Victoria - Partido Bloqui": {"Frente para la Victoria - PJ": [1.1578755661840168, 0.4789159398894114, 80], "Frente para la Victoria - Partido Bloqui": [NaN, NaN, NaN], "Uni\u00f3n C\u00edvica Radical": [3.5105040464773785, 0.4650017907734052, 39], "GEN": [3.10214038704607, 0.13794583580885295, 5], "Coalici\u00f3n C\u00edvica": [3.4969020435995857, 0.6596225315179032, 16], "Propuesta Republicana": [4.140094112002109, 0.39973048796668725, 11], "Peronismo Federal": [3.4858182997888365, 0.45206116390398327, 25]}, "Uni\u00f3n C\u00edvica Radical": {"Frente para la Victoria - PJ": [3.5873730907438475, 0.5477969465944255, 80], "Frente para la Victoria - Partido Bloqui": [3.5105040464773785, 0.4650017907734052, 1], "Uni\u00f3n C\u00edvica Radical": [1.3028720417731499, 0.5799378455556788, 39], "GEN": [1.2606533949246685, 0.5230376885146955, 5], "Coalici\u00f3n C\u00edvica": [1.4975729305485719, 0.735752004557919, 16], "Propuesta Republicana": [1.7626116795346223, 0.46572484633338984, 11], "Peronismo Federal": [1.278270184901397, 0.6157165852724885, 25]}, "GEN": {"Frente para la Victoria - PJ": [3.1594343260298445, 0.43949420766096836, 80], "Frente para la Victoria - Partido Bloqui": [3.10214038704607, 0.13794583580885295, 1], "Uni\u00f3n C\u00edvica Radical": [1.2606533949246685, 0.5230376885146955, 39], "GEN": [0.7784500064113239, 0.2882550682876426, 5], "Coalici\u00f3n C\u00edvica": [1.2376525688412066, 0.6773291036871422, 16], "Propuesta Republicana": [1.937518344870164, 0.3986039883393216, 11], "Peronismo Federal": [1.2667241645266238, 0.5316436341276263, 25]}, "Coalici\u00f3n C\u00edvica": {"Frente para la Victoria - PJ": [3.5922125208402393, 0.7437445043589243, 80], "Frente para la Victoria - Partido Bloqui": [3.4969020435995857, 0.6596225315179032, 1], "Uni\u00f3n C\u00edvica Radical": [1.4975729305485719, 0.735752004557919, 39], "GEN": [1.2376525688412066, 0.6773291036871422, 5], "Coalici\u00f3n C\u00edvica": [1.4606248354170934, 0.8631677141347939, 16], "Propuesta Republicana": [2.1083775946967487, 0.6271477670201494, 11], "Peronismo Federal": [1.4646558536314893, 0.784339340639483, 25]}, "Propuesta Republicana": {"Frente para la Victoria - PJ": [4.1423880709657555, 0.4973824401539671, 80], "Frente para la Victoria - Partido Bloqui": [4.140094112002109, 0.39973048796668725, 1], "Uni\u00f3n C\u00edvica Radical": [1.7626116795346223, 0.46572484633338984, 39], "GEN": [1.937518344870164, 0.3986039883393216, 5], "Coalici\u00f3n C\u00edvica": [2.1083775946967487, 0.6271477670201494, 16], "Propuesta Republicana": [1.3746134585971135, 0.6476096956772766, 11], "Peronismo Federal": [1.8954180623250407, 0.5001351468606023, 25]}, "Peronismo Federal": {"Frente para la Victoria - PJ": [3.546026093677715, 0.5418750780996334, 80], "Frente para la Victoria - Partido Bloqui": [3.4858182997888365, 0.45206116390398327, 1], "Uni\u00f3n C\u00edvica Radical": [1.278270184901397, 0.6157165852724885, 39], "GEN": [1.2667241645266238, 0.5316436341276263, 5], "Coalici\u00f3n C\u00edvica": [1.4646558536314893, 0.784339340639483, 16], "Propuesta Republicana": [1.8954180623250407, 0.5001351468606023, 11], "Peronismo Federal": [1.1759079309268274, 0.6287526697880419, 25]}}, [2.179409378571865, 1.3180438377864543]], "shortest_paths_ideology": [{"Justicialismo": {"Justicialismo": [1.122680920228453, 0.6296774803993666, 81], "Radicalismo": [3.5520124676242157, 0.6095586229531004, 60], "PRO": [4.142359750484722, 0.4962940810060518, 11], "Peronismo disidente": [3.545282787580321, 0.5408980591614395, 25]}, "Radicalismo": {"Justicialismo": [3.5520124676242157, 0.6095586229531004, 81], "Radicalismo": [1.3717624070869634, 0.6677888999046003, 60], "PRO": [1.8693914790224846, 0.5311661976919638, 11], "Peronismo disidente": [1.327010861531524, 0.6640201657367252, 25]}, "PRO": {"Justicialismo": [4.142359750484722, 0.4962940810060518, 81], "Radicalismo": [1.8693914790224846, 0.5311661976919638, 60], "PRO": [1.3746134585971135, 0.6476096956772766, 11], "Peronismo disidente": [1.8954180623250407, 0.5001351468606023, 25]}, "Peronismo disidente": {"Justicialismo": [3.545282787580321, 0.5408980591614395, 81], "Radicalismo": [1.327010861531524, 0.6640201657367252, 60], "PRO": [1.8954180623250407, 0.5001351468606023, 11], "Peronismo disidente": [1.1759079309268274, 0.6287526697880419, 25]}}, [2.1430155417833316, 1.3057854996624485]]}