{"alpha": 0.19, "div_comm": [4.949800183513577, 5], "div_party": [15.606909029911584, 50], "info_mutua": 0.4612686823703684, "modularity_ideology": 0.23921247277721158, "modularity_community": 0.44801177231214206, "modularity_party": 0.23863984961246149, "shortest_path_mean": 3.668530000922793, "shortest_paths_pps": [{"Frente para la Victoria - PJ": {"Frente para la Victoria - PJ": [1.4634968609743317, 0.8266435724106637, 74], "Frente para la Victoria - Partido Bloqui": [NaN, NaN, NaN], "Uni\u00f3n C\u00edvica Radical": [1.9683225228008643, 0.7229850374384943, 39], "GEN": [2.096663243775231, 0.6575936966237594, 5], "Coalici\u00f3n C\u00edvica": [2.0382501571248977, 0.6250325291058038, 22], "Propuesta Republicana": [NaN, NaN, NaN], "Peronismo Federal": [2.1160420491583065, 0.7071601429416734, 20]}, "Frente para la Victoria - Partido Bloqui": {"Frente para la Victoria - PJ": [NaN, NaN, NaN], "Frente para la Victoria - Partido Bloqui": [NaN, NaN, NaN], "Uni\u00f3n C\u00edvica Radical": [NaN, NaN, NaN], "GEN": [NaN, NaN, NaN], "Coalici\u00f3n C\u00edvica": [NaN, NaN, NaN], "Propuesta Republicana": [NaN, NaN, NaN], "Peronismo Federal": [NaN, NaN, NaN]}, "Uni\u00f3n C\u00edvica Radical": {"Frente para la Victoria - PJ": [1.9683225228008643, 0.7229850374384943, 74], "Frente para la Victoria - Partido Bloqui": [NaN, NaN, NaN], "Uni\u00f3n C\u00edvica Radical": [1.6855918286543579, 0.7580350665326324, 39], "GEN": [2.4547402443890363, 0.5165000366785515, 5], "Coalici\u00f3n C\u00edvica": [2.2374205978904067, 0.5257527988875208, 22], "Propuesta Republicana": [NaN, NaN, NaN], "Peronismo Federal": [2.2694372621524432, 0.7832995862363673, 20]}, "GEN": {"Frente para la Victoria - PJ": [2.096663243775231, 0.6575936966237594, 74], "Frente para la Victoria - Partido Bloqui": [NaN, NaN, NaN], "Uni\u00f3n C\u00edvica Radical": [2.4547402443890363, 0.5165000366785515, 39], "GEN": [1.8690152668531828, 0.7745224538027756, 5], "Coalici\u00f3n C\u00edvica": [2.383683744525247, 0.48619956892296473, 22], "Propuesta Republicana": [NaN, NaN, NaN], "Peronismo Federal": [2.7674479993072505, 0.6457841825364738, 20]}, "Coalici\u00f3n C\u00edvica": {"Frente para la Victoria - PJ": [2.0382501571248977, 0.6250325291058038, 74], "Frente para la Victoria - Partido Bloqui": [NaN, NaN, NaN], "Uni\u00f3n C\u00edvica Radical": [2.2374205978904067, 0.5257527988875208, 39], "GEN": [2.383683744525247, 0.48619956892296473, 5], "Coalici\u00f3n C\u00edvica": [1.7650813741494111, 0.6684049969790788, 22], "Propuesta Republicana": [NaN, NaN, NaN], "Peronismo Federal": [2.4381751544562205, 0.7089520771984681, 20]}, "Propuesta Republicana": {"Frente para la Victoria - PJ": [NaN, NaN, NaN], "Frente para la Victoria - Partido Bloqui": [NaN, NaN, NaN], "Uni\u00f3n C\u00edvica Radical": [NaN, NaN, NaN], "GEN": [NaN, NaN, NaN], "Coalici\u00f3n C\u00edvica": [NaN, NaN, NaN], "Propuesta Republicana": [NaN, NaN, NaN], "Peronismo Federal": [NaN, NaN, NaN]}, "Peronismo Federal": {"Frente para la Victoria - PJ": [2.1160420491583065, 0.7071601429416734, 74], "Frente para la Victoria - Partido Bloqui": [NaN, NaN, NaN], "Uni\u00f3n C\u00edvica Radical": [2.2694372621524432, 0.7832995862363673, 39], "GEN": [2.7674479993072505, 0.6457841825364738, 5], "Coalici\u00f3n C\u00edvica": [2.4381751544562205, 0.7089520771984681, 22], "Propuesta Republicana": [NaN, NaN, NaN], "Peronismo Federal": [2.3195252249548246, 0.8024166943238777, 20]}}, [1.8578874705038264, 0.8093579336217107]], "shortest_paths_ideology": [{"Justicialismo": {"Justicialismo": [1.4634968609743317, 0.8266435724106637, 74], "Radicalismo": [2.001354516134206, 0.6882157391073563, 66], "PRO": [NaN, NaN, NaN], "Peronismo disidente": [2.1160420491583065, 0.7071601429416734, 20]}, "Radicalismo": {"Justicialismo": [2.001354516134206, 0.6882157391073563, 74], "Radicalismo": [2.0214610385424403, 0.6963924026796962, 66], "PRO": [NaN, NaN, NaN], "Peronismo disidente": [2.363411312401794, 0.7623235853869375, 20]}, "PRO": {"Justicialismo": [NaN, NaN, NaN], "Radicalismo": [NaN, NaN, NaN], "PRO": [NaN, NaN, NaN], "Peronismo disidente": [NaN, NaN, NaN]}, "Peronismo disidente": {"Justicialismo": [2.1160420491583065, 0.7071601429416734, 74], "Radicalismo": [2.363411312401794, 0.7623235853869375, 66], "PRO": [NaN, NaN, NaN], "Peronismo disidente": [2.3195252249548246, 0.8024166943238777, 20]}}, [1.886051956888076, 0.8010568769243355]]}