{"alpha": 0.231, "div_comm": [2.0, 2], "div_party": [9.158070790190106, 34], "info_mutua": 0.5489635529361462, "modularity_ideology": 0.30600046868595504, "modularity_community": 0.49831486438103334, "modularity_party": 0.26395365986252867, "shortest_path_mean": 4.038320085309633, "shortest_paths_pps": [{"Frente para la Victoria - PJ": {"Frente para la Victoria - PJ": [0.9089464368303273, 0.7584761448738868, 97], "Nuevo Encuentro": [0.7285737652600971, 0.5667327311081071, 4], "Frente para la Victoria - Partido Bloqui": [NaN, NaN, NaN], "Uni\u00f3n C\u00edvica Radical": [4.674009406361838, 0.8141641981203868, 38], "GEN": [4.3715827820260875, 0.7022228128474052, 5], "Frente Peronista": [4.333403153634944, 0.8332596290683293, 21], "Frente Renovador ": [NaN, NaN, NaN]}, "Nuevo Encuentro": {"Frente para la Victoria - PJ": [0.7285737652600971, 0.5667327311081071, 97], "Nuevo Encuentro": [0.4171915265572454, 0.09976244571555547, 4], "Frente para la Victoria - Partido Bloqui": [NaN, NaN, NaN], "Uni\u00f3n C\u00edvica Radical": [4.617568211252556, 0.5566439025144021, 38], "GEN": [4.3151415869168055, 0.37430732238198716, 5], "Frente Peronista": [4.2769619585256615, 0.5842180262030099, 21], "Frente Renovador ": [NaN, NaN, NaN]}, "Frente para la Victoria - Partido Bloqui": {"Frente para la Victoria - PJ": [NaN, NaN, NaN], "Nuevo Encuentro": [NaN, NaN, NaN], "Frente para la Victoria - Partido Bloqui": [NaN, NaN, NaN], "Uni\u00f3n C\u00edvica Radical": [NaN, NaN, NaN], "GEN": [NaN, NaN, NaN], "Frente Peronista": [NaN, NaN, NaN], "Frente Renovador ": [NaN, NaN, NaN]}, "Uni\u00f3n C\u00edvica Radical": {"Frente para la Victoria - PJ": [4.674009406361838, 0.8141641981203868, 97], "Nuevo Encuentro": [4.617568211252556, 0.5566439025144021, 4], "Frente para la Victoria - Partido Bloqui": [NaN, NaN, NaN], "Uni\u00f3n C\u00edvica Radical": [1.3848728620695798, 0.6219681942632364, 38], "GEN": [1.380779611998078, 0.5101537574804674, 5], "Frente Peronista": [1.9580838768684137, 0.6503570536262736, 21], "Frente Renovador ": [NaN, NaN, NaN]}, "GEN": {"Frente para la Victoria - PJ": [4.3715827820260875, 0.7022228128474052, 97], "Nuevo Encuentro": [4.3151415869168055, 0.37430732238198716, 4], "Frente para la Victoria - Partido Bloqui": [NaN, NaN, NaN], "Uni\u00f3n C\u00edvica Radical": [1.380779611998078, 0.5101537574804674, 38], "GEN": [0.9814801672685496, 0.04177588955151694, 5], "Frente Peronista": [1.9108841342043756, 0.47430677420164696, 21], "Frente Renovador ": [NaN, NaN, NaN]}, "Frente Peronista": {"Frente para la Victoria - PJ": [4.333403153634944, 0.8332596290683293, 97], "Nuevo Encuentro": [4.2769619585256615, 0.5842180262030099, 4], "Frente para la Victoria - Partido Bloqui": [NaN, NaN, NaN], "Uni\u00f3n C\u00edvica Radical": [1.9580838768684137, 0.6503570536262736, 38], "GEN": [1.9108841342043756, 0.47430677420164696, 5], "Frente Peronista": [1.7244446136166736, 0.5953461144076538, 21], "Frente Renovador ": [NaN, NaN, NaN]}, "Frente Renovador ": {"Frente para la Victoria - PJ": [NaN, NaN, NaN], "Nuevo Encuentro": [NaN, NaN, NaN], "Frente para la Victoria - Partido Bloqui": [NaN, NaN, NaN], "Uni\u00f3n C\u00edvica Radical": [NaN, NaN, NaN], "GEN": [NaN, NaN, NaN], "Frente Peronista": [NaN, NaN, NaN], "Frente Renovador ": [NaN, NaN, NaN]}}, [2.2450688690276595, 1.8287154420629814]], "shortest_paths_ideology": [{"Justicialismo": {"Justicialismo": [0.894371071916081, 0.7466632162236128, 101], "Radicalismo": [4.636608224955356, 0.799164800084463, 43], "Peronismo disidente": [4.331167858779131, 0.8249012944669306, 21]}, "Radicalismo": {"Justicialismo": [4.636608224955356, 0.799164800084463, 101], "Radicalismo": [1.3795443521453323, 0.5980984019573532, 43], "Peronismo disidente": [1.9525955346981765, 0.6325901298182677, 21]}, "Peronismo disidente": {"Justicialismo": [4.331167858779131, 0.8249012944669306, 101], "Radicalismo": [1.9525955346981765, 0.6325901298182677, 43], "Peronismo disidente": [1.7244446136166736, 0.5953461144076538, 21]}}, [2.2066721005414887, 1.8181738443801605]]}