{"alpha": 0.32, "div_comm": [2.269404368869496, 3], "div_party": [12.120795728864103, 44], "info_mutua": 0.5096976277525047, "modularity_ideology": 0.0031854636320685845, "modularity_community": 0.22909526845113515, "modularity_party": 0.024081266618274977, "shortest_path_mean": 3.690392691844754, "shortest_paths_pps": [{"Frente para la Victoria - PJ": {"Frente para la Victoria - PJ": [1.9106043248274283, 0.5661695731749672, 107], "Nuevo Encuentro": [NaN, NaN, NaN], "Frente para la Victoria - Partido Bloqui": [NaN, NaN, NaN], "Uni\u00f3n C\u00edvica Radical": [3.027984620531549, 0.5287187113725877, 38], "GEN": [3.1906384118661872, 0.4611660834877625, 5], "Frente Peronista": [3.360040990465576, 0.47572186565734376, 9], "Frente Renovador ": [2.8631591739355557, 0.737132817154623, 10]}, "Nuevo Encuentro": {"Frente para la Victoria - PJ": [NaN, NaN, NaN], "Nuevo Encuentro": [NaN, NaN, NaN], "Frente para la Victoria - Partido Bloqui": [NaN, NaN, NaN], "Uni\u00f3n C\u00edvica Radical": [NaN, NaN, NaN], "GEN": [NaN, NaN, NaN], "Frente Peronista": [NaN, NaN, NaN], "Frente Renovador ": [NaN, NaN, NaN]}, "Frente para la Victoria - Partido Bloqui": {"Frente para la Victoria - PJ": [NaN, NaN, NaN], "Nuevo Encuentro": [NaN, NaN, NaN], "Frente para la Victoria - Partido Bloqui": [NaN, NaN, NaN], "Uni\u00f3n C\u00edvica Radical": [NaN, NaN, NaN], "GEN": [NaN, NaN, NaN], "Frente Peronista": [NaN, NaN, NaN], "Frente Renovador ": [NaN, NaN, NaN]}, "Uni\u00f3n C\u00edvica Radical": {"Frente para la Victoria - PJ": [3.027984620531549, 0.5287187113725877, 107], "Nuevo Encuentro": [NaN, NaN, NaN], "Frente para la Victoria - Partido Bloqui": [NaN, NaN, NaN], "Uni\u00f3n C\u00edvica Radical": [1.3088487376905218, 0.6159316849715065, 38], "GEN": [1.4624006345987604, 0.5889493586973028, 5], "Frente Peronista": [1.5345120648306836, 0.615974472830604, 9], "Frente Renovador ": [1.5326028373058456, 0.5844702069458189, 10]}, "GEN": {"Frente para la Victoria - PJ": [3.1906384118661872, 0.4611660834877625, 107], "Nuevo Encuentro": [NaN, NaN, NaN], "Frente para la Victoria - Partido Bloqui": [NaN, NaN, NaN], "Uni\u00f3n C\u00edvica Radical": [1.4624006345987604, 0.5889493586973028, 38], "GEN": [1.1073342954507637, 0.06096966602037141, 5], "Frente Peronista": [1.6612371226415052, 0.5441934072107444, 9], "Frente Renovador ": [1.6039820337514847, 0.5526147735944948, 10]}, "Frente Peronista": {"Frente para la Victoria - PJ": [3.360040990465576, 0.47572186565734376, 107], "Nuevo Encuentro": [NaN, NaN, NaN], "Frente para la Victoria - Partido Bloqui": [NaN, NaN, NaN], "Uni\u00f3n C\u00edvica Radical": [1.5345120648306836, 0.615974472830604, 38], "GEN": [1.6612371226415052, 0.5441934072107444, 5], "Frente Peronista": [1.6610302575155138, 0.5365984782711929, 9], "Frente Renovador ": [1.7939402282446193, 0.6125783237199537, 10]}, "Frente Renovador ": {"Frente para la Victoria - PJ": [2.8631591739355557, 0.737132817154623, 107], "Nuevo Encuentro": [NaN, NaN, NaN], "Frente para la Victoria - Partido Bloqui": [NaN, NaN, NaN], "Uni\u00f3n C\u00edvica Radical": [1.5326028373058456, 0.5844702069458189, 38], "GEN": [1.6039820337514847, 0.5526147735944948, 5], "Frente Peronista": [1.7939402282446193, 0.6125783237199537, 9], "Frente Renovador ": [1.6015832084945345, 0.5392984192471889, 10]}}, [2.2174983522399607, 0.8330894711506356]], "shortest_paths_ideology": [{"Justicialismo": {"Justicialismo": [1.9106043248274283, 0.5661695731749672, 107], "Radicalismo": [3.0468978520820875, 0.5239146610029078, 43], "Peronismo disidente": [3.0985242449234605, 0.6743392782898685, 19]}, "Radicalismo": {"Justicialismo": [3.0468978520820875, 0.5239146610029078, 107], "Radicalismo": [1.3389259425522804, 0.6106368699250878, 43], "Peronismo disidente": [1.5448555404586992, 0.5948030217034902, 19]}, "Peronismo disidente": {"Justicialismo": [3.0985242449234605, 0.6743392782898685, 107], "Radicalismo": [1.5448555404586992, 0.5948030217034902, 43], "Peronismo disidente": [1.7153389134200483, 0.5847522574300636, 19]}}, [2.2088269040038973, 0.8338987313354365]]}