{"alpha": 0.22, "div_comm": [3.370117406507056, 4], "div_party": [9.801686246710874, 37], "info_mutua": 0.6918540763787504, "modularity_ideology": 0.26644047812856475, "modularity_community": 0.3658833360838261, "modularity_party": 0.19570990729352633, "shortest_path_mean": 4.127152287487562, "shortest_paths_pps": [{"Frente para la Victoria - PJ": {"Frente para la Victoria - PJ": [1.3740468637870409, 0.6298728082035521, 104], "Fte. Renov. de la Conc. Misiones - FPV-PJ": [1.6614311157613666, 0.6927136859276402, 5], "Uni\u00f3n C\u00edvica Radical": [3.687906944178068, 0.48121130488399044, 37], "Coalici\u00f3n C\u00edvica - ARI - UNEN": [4.238098606376166, 0.3644449235087287, 4], "Partido Socialista": [3.6581614898319432, 0.509459082281537, 8], "GEN": [3.469410480822357, 0.47671926992114483, 4], "Uni\u00f3n PRO": [3.8918599514155257, 0.4891709823379531, 18], "Frente Renovador": [NaN, NaN, NaN]}, "Fte. Renov. de la Conc. Misiones - FPV-PJ": {"Frente para la Victoria - PJ": [1.6614311157613666, 0.6927136859276402, 104], "Fte. Renov. de la Conc. Misiones - FPV-PJ": [2.052435996357363, 0.7056831600738863, 5], "Uni\u00f3n C\u00edvica Radical": [3.969122051491229, 0.7781014533813184, 37], "Coalici\u00f3n C\u00edvica - ARI - UNEN": [4.507901738522507, 0.6895398338181062, 4], "Partido Socialista": [3.9473247865652867, 0.8183747185372215, 8], "GEN": [3.7477316103736213, 0.7802788593628335, 4], "Uni\u00f3n PRO": [4.169763082156153, 0.7723222651072362, 18], "Frente Renovador": [NaN, NaN, NaN]}, "Uni\u00f3n C\u00edvica Radical": {"Frente para la Victoria - PJ": [3.687906944178068, 0.48121130488399044, 104], "Fte. Renov. de la Conc. Misiones - FPV-PJ": [3.969122051491229, 0.7781014533813184, 5], "Uni\u00f3n C\u00edvica Radical": [1.074226635953934, 0.4168557781874586, 37], "Coalici\u00f3n C\u00edvica - ARI - UNEN": [1.5489701606351822, 0.47397666801278815, 4], "Partido Socialista": [1.104687306872899, 0.36865654201624887, 8], "GEN": [0.968814242888309, 0.2921870828453259, 4], "Uni\u00f3n PRO": [1.5450632086247877, 0.45451049264285565, 18], "Frente Renovador": [NaN, NaN, NaN]}, "Coalici\u00f3n C\u00edvica - ARI - UNEN": {"Frente para la Victoria - PJ": [4.238098606376166, 0.3644449235087287, 104], "Fte. Renov. de la Conc. Misiones - FPV-PJ": [4.507901738522507, 0.6895398338181062, 5], "Uni\u00f3n C\u00edvica Radical": [1.5489701606351822, 0.47397666801278815, 37], "Coalici\u00f3n C\u00edvica - ARI - UNEN": [1.2694617019531644, 0.446431464392625, 4], "Partido Socialista": [1.5954118155955759, 0.4423488243785698, 8], "GEN": [1.383418191638123, 0.4470011188813959, 4], "Uni\u00f3n PRO": [1.8095108504979176, 0.4946575704183718, 18], "Frente Renovador": [NaN, NaN, NaN]}, "Partido Socialista": {"Frente para la Victoria - PJ": [3.6581614898319432, 0.509459082281537, 104], "Fte. Renov. de la Conc. Misiones - FPV-PJ": [3.9473247865652867, 0.8183747185372215, 5], "Uni\u00f3n C\u00edvica Radical": [1.104687306872899, 0.36865654201624887, 37], "Coalici\u00f3n C\u00edvica - ARI - UNEN": [1.5954118155955759, 0.4423488243785698, 4], "Partido Socialista": [0.9293466969817403, 0.1868929962988201, 8], "GEN": [0.8612385877143651, 0.18970249733210662, 4], "Uni\u00f3n PRO": [1.5646576953494769, 0.4245880357579355, 18], "Frente Renovador": [NaN, NaN, NaN]}, "GEN": {"Frente para la Victoria - PJ": [3.469410480822357, 0.47671926992114483, 104], "Fte. Renov. de la Conc. Misiones - FPV-PJ": [3.7477316103736213, 0.7802788593628335, 5], "Uni\u00f3n C\u00edvica Radical": [0.968814242888309, 0.2921870828453259, 37], "Coalici\u00f3n C\u00edvica - ARI - UNEN": [1.383418191638123, 0.4470011188813959, 4], "Partido Socialista": [0.8612385877143651, 0.18970249733210662, 8], "GEN": [0.7644784253958123, 0.09827898356065656, 4], "Uni\u00f3n PRO": [1.4520882312920227, 0.4169224231659263, 18], "Frente Renovador": [NaN, NaN, NaN]}, "Uni\u00f3n PRO": {"Frente para la Victoria - PJ": [3.8918599514155257, 0.4891709823379531, 104], "Fte. Renov. de la Conc. Misiones - FPV-PJ": [4.169763082156153, 0.7723222651072362, 5], "Uni\u00f3n C\u00edvica Radical": [1.5450632086247877, 0.45451049264285565, 37], "Coalici\u00f3n C\u00edvica - ARI - UNEN": [1.8095108504979176, 0.4946575704183718, 4], "Partido Socialista": [1.5646576953494769, 0.4245880357579355, 8], "GEN": [1.4520882312920227, 0.4169224231659263, 4], "Uni\u00f3n PRO": [1.0166020857121367, 0.29341051644510957, 18], "Frente Renovador": [NaN, NaN, NaN]}, "Frente Renovador": {"Frente para la Victoria - PJ": [NaN, NaN, NaN], "Fte. Renov. de la Conc. Misiones - FPV-PJ": [NaN, NaN, NaN], "Uni\u00f3n C\u00edvica Radical": [NaN, NaN, NaN], "Coalici\u00f3n C\u00edvica - ARI - UNEN": [NaN, NaN, NaN], "Partido Socialista": [NaN, NaN, NaN], "GEN": [NaN, NaN, NaN], "Uni\u00f3n PRO": [NaN, NaN, NaN], "Frente Renovador": [NaN, NaN, NaN]}}, [2.188977949487403, 1.2878841808871329]], "shortest_paths_ideology": [{"Justicialismo": {"Justicialismo": [1.4005884374112938, 0.6415825667794819, 109], "Radicalismo": [3.721355945815887, 0.5243230420436508, 53], "PRO": [3.9046078014494996, 0.5089729162699385, 18], "Peronismo disidente": [NaN, NaN, NaN]}, "Radicalismo": {"Justicialismo": [3.721355945815887, 0.5243230420436508, 109], "Radicalismo": [1.1277411657132697, 0.4336025773201258, 53], "PRO": [1.5609622001711838, 0.45689013908690157, 18], "Peronismo disidente": [NaN, NaN, NaN]}, "PRO": {"Justicialismo": [3.9046078014494996, 0.5089729162699385, 109], "Radicalismo": [1.5609622001711838, 0.45689013908690157, 53], "PRO": [1.0166020857121367, 0.29341051644510957, 18], "Peronismo disidente": [NaN, NaN, NaN]}, "Peronismo disidente": {"Justicialismo": [NaN, NaN, NaN], "Radicalismo": [NaN, NaN, NaN], "PRO": [NaN, NaN, NaN], "Peronismo disidente": [NaN, NaN, NaN]}}, [2.1488134364995557, 1.2743300927338124]]}