{"alpha": 0.2, "div_comm": [1.9993644853167392, 2], "div_party": [11.074677141044132, 41], "info_mutua": 0.5430344546859024, "modularity_ideology": 0.2587062263622672, "modularity_community": 0.4833341267618956, "modularity_party": 0.21491693871964573, "shortest_path_mean": 3.2928382259703697, "shortest_paths_pps": [{"Frente para la Victoria - PJ": {"Frente para la Victoria - PJ": [0.8490053858287658, 0.8009409887109799, 98], "Fte. Renov. de la Conc. Misiones - FPV-PJ": [1.166722903015859, 0.7031014168721391, 4], "Uni\u00f3n C\u00edvica Radical": [3.4237792604141757, 0.6572420941851362, 36], "Coalici\u00f3n C\u00edvica - ARI - UNEN": [3.3102477064806997, 0.5081854657265733, 4], "Partido Socialista": [3.543201542789793, 0.6320371699375739, 8], "GEN": [3.5791991951150033, 0.6551999559197994, 4], "Uni\u00f3n PRO": [3.3818377704752933, 0.48544296131825754, 18], "Frente Renovador": [NaN, NaN, NaN]}, "Fte. Renov. de la Conc. Misiones - FPV-PJ": {"Frente para la Victoria - PJ": [1.166722903015859, 0.7031014168721391, 98], "Fte. Renov. de la Conc. Misiones - FPV-PJ": [1.2339107934711884, 0.489753989115435, 4], "Uni\u00f3n C\u00edvica Radical": [3.6530033925213683, 0.5439831036889737, 36], "Coalici\u00f3n C\u00edvica - ARI - UNEN": [3.5560934424642783, 0.3447060637476564, 4], "Partido Socialista": [3.7640935246335956, 0.5244384006095681, 8], "GEN": [3.7993091054986943, 0.5529389505438297, 4], "Uni\u00f3n PRO": [3.605276706890236, 0.33181232743795863, 18], "Frente Renovador": [NaN, NaN, NaN]}, "Uni\u00f3n C\u00edvica Radical": {"Frente para la Victoria - PJ": [3.4237792604141757, 0.6572420941851362, 98], "Fte. Renov. de la Conc. Misiones - FPV-PJ": [3.6530033925213683, 0.5439831036889737, 4], "Uni\u00f3n C\u00edvica Radical": [1.2276147490356875, 0.6169067985223213, 36], "Coalici\u00f3n C\u00edvica - ARI - UNEN": [1.3417494647042139, 0.4828447987381673, 4], "Partido Socialista": [1.2685771106100345, 0.5098598536830953, 8], "GEN": [1.4732578933298244, 0.6012476088151398, 4], "Uni\u00f3n PRO": [1.5093714556459705, 0.478461529278723, 18], "Frente Renovador": [NaN, NaN, NaN]}, "Coalici\u00f3n C\u00edvica - ARI - UNEN": {"Frente para la Victoria - PJ": [3.3102477064806997, 0.5081854657265733, 98], "Fte. Renov. de la Conc. Misiones - FPV-PJ": [3.5560934424642783, 0.3447060637476564, 4], "Uni\u00f3n C\u00edvica Radical": [1.3417494647042139, 0.4828447987381673, 36], "Coalici\u00f3n C\u00edvica - ARI - UNEN": [1.2388629816106482, 0.3305847991135468, 4], "Partido Socialista": [1.3617857239125337, 0.44247474367488127, 8], "GEN": [1.5889290270447765, 0.4667038633274017, 4], "Uni\u00f3n PRO": [1.5895833322625725, 0.4172254907857546, 18], "Frente Renovador": [NaN, NaN, NaN]}, "Partido Socialista": {"Frente para la Victoria - PJ": [3.543201542789793, 0.6320371699375739, 98], "Fte. Renov. de la Conc. Misiones - FPV-PJ": [3.7640935246335956, 0.5244384006095681, 4], "Uni\u00f3n C\u00edvica Radical": [1.2685771106100345, 0.5098598536830953, 36], "Coalici\u00f3n C\u00edvica - ARI - UNEN": [1.3617857239125337, 0.44247474367488127, 4], "Partido Socialista": [1.0034124780117597, 0.17861780165244495, 8], "GEN": [1.1922589460293123, 0.43835561256616595, 4], "Uni\u00f3n PRO": [1.5429311134488612, 0.44187756633386105, 18], "Frente Renovador": [NaN, NaN, NaN]}, "GEN": {"Frente para la Victoria - PJ": [3.5791991951150033, 0.6551999559197994, 98], "Fte. Renov. de la Conc. Misiones - FPV-PJ": [3.7993091054986943, 0.5529389505438297, 4], "Uni\u00f3n C\u00edvica Radical": [1.4732578933298244, 0.6012476088151398, 36], "Coalici\u00f3n C\u00edvica - ARI - UNEN": [1.5889290270447765, 0.4667038633274017, 4], "Partido Socialista": [1.1922589460293123, 0.43835561256616595, 8], "GEN": [0.9647209304772472, 0.13588991379788254, 4], "Uni\u00f3n PRO": [1.7883487457918978, 0.46225598914423277, 18], "Frente Renovador": [NaN, NaN, NaN]}, "Uni\u00f3n PRO": {"Frente para la Victoria - PJ": [3.3818377704752933, 0.48544296131825754, 98], "Fte. Renov. de la Conc. Misiones - FPV-PJ": [3.605276706890236, 0.33181232743795863, 4], "Uni\u00f3n C\u00edvica Radical": [1.5093714556459705, 0.478461529278723, 36], "Coalici\u00f3n C\u00edvica - ARI - UNEN": [1.5895833322625725, 0.4172254907857546, 4], "Partido Socialista": [1.5429311134488612, 0.44187756633386105, 8], "GEN": [1.7883487457918978, 0.46225598914423277, 4], "Uni\u00f3n PRO": [1.1363276566249696, 0.38742811849969483, 18], "Frente Renovador": [NaN, NaN, NaN]}, "Frente Renovador": {"Frente para la Victoria - PJ": [NaN, NaN, NaN], "Fte. Renov. de la Conc. Misiones - FPV-PJ": [NaN, NaN, NaN], "Uni\u00f3n C\u00edvica Radical": [NaN, NaN, NaN], "Coalici\u00f3n C\u00edvica - ARI - UNEN": [NaN, NaN, NaN], "Partido Socialista": [NaN, NaN, NaN], "GEN": [NaN, NaN, NaN], "Uni\u00f3n PRO": [NaN, NaN, NaN], "Frente Renovador": [NaN, NaN, NaN]}}, [1.9881129308535461, 1.3853556219434653]], "shortest_paths_ideology": [{"Justicialismo": {"Justicialismo": [0.877933779503708, 0.7975915618311465, 102], "Radicalismo": [3.4543356613485448, 0.6439541308034304, 52], "PRO": [3.3906000817072517, 0.4822988586308201, 18], "Peronismo disidente": [NaN, NaN, NaN]}, "Radicalismo": {"Justicialismo": [3.4543356613485448, 0.6439541308034304, 102], "Radicalismo": [1.2764539261182404, 0.5696106189175015, 52], "PRO": [1.5421644158281484, 0.47321592482962094, 18], "Peronismo disidente": [NaN, NaN, NaN]}, "PRO": {"Justicialismo": [3.3906000817072517, 0.4822988586308201, 102], "Radicalismo": [1.5421644158281484, 0.47321592482962094, 52], "PRO": [1.1363276566249696, 0.38742811849969483, 18], "Peronismo disidente": [NaN, NaN, NaN]}, "Peronismo disidente": {"Justicialismo": [NaN, NaN, NaN], "Radicalismo": [NaN, NaN, NaN], "PRO": [NaN, NaN, NaN], "Peronismo disidente": [NaN, NaN, NaN]}}, [1.9503034403349675, 1.364288341815356]]}