{"alpha": 0.26, "div_comm": [3.232270982340281, 4], "div_party": [13.56432634955907, 43], "info_mutua": 0.6416705080068793, "modularity_ideology": 0.41823580947768824, "modularity_community": 0.5675051862307017, "modularity_party": 0.31733022511518366, "shortest_path_mean": 4.001219511517615, "shortest_paths_pps": [{"Frente para la Victoria - PJ": {"Frente para la Victoria - PJ": [1.1152560625881798, 0.42195678343873055, 70], "Uni\u00f3n PRO": [3.4345665879863505, 0.37047637177324994, 41], "Uni\u00f3n C\u00edvica Radical": [3.572268158140202, 0.38811906441148186, 36], "Coalici\u00f3n C\u00edvica": [3.657420960939162, 0.3623068498126793, 4], "Federal Unidos por una Nueva Argentina": [3.1735664176580864, 0.38864874010501815, 23], "Justicialista": [3.2018184581101456, 0.48040767368250675, 17]}, "Uni\u00f3n PRO": {"Frente para la Victoria - PJ": [3.4345665879863505, 0.37047637177324994, 70], "Uni\u00f3n PRO": [0.6884113171230687, 0.45301696900599403, 41], "Uni\u00f3n C\u00edvica Radical": [0.9191051527004407, 0.6326858366291251, 36], "Coalici\u00f3n C\u00edvica": [0.8594259790500716, 0.41450012070157494, 4], "Federal Unidos por una Nueva Argentina": [2.3733674747145543, 0.356762030469314, 23], "Justicialista": [2.1197723665076627, 0.3880212502090761, 17]}, "Uni\u00f3n C\u00edvica Radical": {"Frente para la Victoria - PJ": [3.572268158140202, 0.38811906441148186, 70], "Uni\u00f3n PRO": [0.9191051527004407, 0.6326858366291251, 41], "Uni\u00f3n C\u00edvica Radical": [1.141637545846614, 0.7498224247285115, 36], "Coalici\u00f3n C\u00edvica": [1.0744558350074773, 0.6280194754136058, 4], "Federal Unidos por una Nueva Argentina": [2.5246654568511673, 0.4532450283305003, 23], "Justicialista": [2.3059198635118707, 0.5110927373493414, 17]}, "Coalici\u00f3n C\u00edvica": {"Frente para la Victoria - PJ": [3.657420960939162, 0.3623068498126793, 70], "Uni\u00f3n PRO": [0.8594259790500716, 0.41450012070157494, 41], "Uni\u00f3n C\u00edvica Radical": [1.0744558350074773, 0.6280194754136058, 36], "Coalici\u00f3n C\u00edvica": [0.8401046226835339, 0.4601826622058679, 4], "Federal Unidos por una Nueva Argentina": [2.6322973745275418, 0.4847095911117479, 23], "Justicialista": [2.38216296001897, 0.5166970275067853, 17]}, "Federal Unidos por una Nueva Argentina": {"Frente para la Victoria - PJ": [3.1735664176580864, 0.38864874010501815, 70], "Uni\u00f3n PRO": [2.3733674747145543, 0.356762030469314, 41], "Uni\u00f3n C\u00edvica Radical": [2.5246654568511673, 0.4532450283305003, 36], "Coalici\u00f3n C\u00edvica": [2.6322973745275418, 0.4847095911117479, 4], "Federal Unidos por una Nueva Argentina": [1.1771940461600874, 0.4960597262909405, 23], "Justicialista": [1.7713376499329572, 0.446623025015763, 17]}, "Justicialista": {"Frente para la Victoria - PJ": [3.2018184581101456, 0.48040767368250675, 70], "Uni\u00f3n PRO": [2.1197723665076627, 0.3880212502090761, 41], "Uni\u00f3n C\u00edvica Radical": [2.3059198635118707, 0.5110927373493414, 36], "Coalici\u00f3n C\u00edvica": [2.38216296001897, 0.5166970275067853, 4], "Federal Unidos por una Nueva Argentina": [1.7713376499329572, 0.446623025015763, 23], "Justicialista": [1.1117782934085885, 0.42038224187792356, 17]}}, [2.126061223440419, 1.1932184717474204]], "shortest_paths_ideology": [{"Justicialismo": {"Justicialismo": [1.1152560625881798, 0.42195678343873055, 70], "Cambiemos": [3.506772440052399, 0.3854500004994101, 81], "Peronismo disidente": [3.185573534850212, 0.43027196751055086, 40]}, "Cambiemos": {"Justicialismo": [3.506772440052399, 0.3854500004994101, 70], "Cambiemos": [0.9077949541631368, 0.6281022430527331, 81], "Peronismo disidente": [2.352275081046766, 0.45337869704739964, 40]}, "Peronismo disidente": {"Justicialismo": [3.185573534850212, 0.43027196751055086, 70], "Cambiemos": [2.352275081046766, 0.45337869704739964, 81], "Peronismo disidente": [1.4636217470587902, 0.5534280636394061, 40]}}, [2.0333228625620734, 1.1943675030005152]]}