{"alpha": 0.19, "div_comm": [3.2278788455448977, 4], "div_party": [16.274596355258165, 53], "info_mutua": 0.6564102062877077, "modularity_ideology": 0.4607331799308526, "modularity_community": 0.5988732008115113, "modularity_party": 0.3131239146527823, "shortest_path_mean": 5.5350858078164356, "shortest_paths_pps": [{"Frente para la Victoria - PJ": {"Frente para la Victoria - PJ": [1.1271461607351354, 0.43471426664739954, 69], "Uni\u00f3n PRO": [6.342645130537465, 0.3821276029314005, 40], "Uni\u00f3n C\u00edvica Radical": [6.314421987948748, 0.4082330998161587, 35], "Coalici\u00f3n C\u00edvica": [6.569043162463986, 0.490349833556619, 5], "Federal Unidos por una Nueva Argentina": [2.5368888042803954, 0.47436155814283937, 22], "Justicialista": [2.4280117048509378, 0.5270380887741692, 16]}, "Uni\u00f3n PRO": {"Frente para la Victoria - PJ": [6.342645130537465, 0.3821276029314005, 69], "Uni\u00f3n PRO": [0.7301417048791274, 0.3001053367822334, 40], "Uni\u00f3n C\u00edvica Radical": [0.7306400379469589, 0.32205257705415563, 35], "Coalici\u00f3n C\u00edvica": [0.9205766201243076, 0.3855749996071484, 5], "Federal Unidos por una Nueva Argentina": [6.2142364477973855, 0.3538601037849341, 22], "Justicialista": [6.4424681962249455, 0.4190472460431881, 16]}, "Uni\u00f3n C\u00edvica Radical": {"Frente para la Victoria - PJ": [6.314421987948748, 0.4082330998161587, 69], "Uni\u00f3n PRO": [0.7306400379469589, 0.32205257705415563, 40], "Uni\u00f3n C\u00edvica Radical": [0.7361738661195644, 0.3419619469582829, 35], "Coalici\u00f3n C\u00edvica": [0.9354389322702299, 0.39322749853604233, 5], "Federal Unidos por una Nueva Argentina": [6.186013305208668, 0.3819027780916185, 22], "Justicialista": [6.414245053636227, 0.44298233969289563, 16]}, "Coalici\u00f3n C\u00edvica": {"Frente para la Victoria - PJ": [6.569043162463986, 0.490349833556619, 69], "Uni\u00f3n PRO": [0.9205766201243076, 0.3855749996071484, 40], "Uni\u00f3n C\u00edvica Radical": [0.9354389322702299, 0.39322749853604233, 35], "Coalici\u00f3n C\u00edvica": [1.0553485384961079, 0.4089476511311504, 5], "Federal Unidos por una Nueva Argentina": [6.440634479723906, 0.4686559797949772, 22], "Justicialista": [6.668866228151467, 0.5196364582699005, 16]}, "Federal Unidos por una Nueva Argentina": {"Frente para la Victoria - PJ": [2.5368888042803954, 0.47436155814283937, 69], "Uni\u00f3n PRO": [6.2142364477973855, 0.3538601037849341, 40], "Uni\u00f3n C\u00edvica Radical": [6.186013305208668, 0.3819027780916185, 35], "Coalici\u00f3n C\u00edvica": [6.440634479723906, 0.4686559797949772, 5], "Federal Unidos por una Nueva Argentina": [1.169087921196066, 0.4328602441217834, 22], "Justicialista": [1.659276674089849, 0.4738476048468106, 16]}, "Justicialista": {"Frente para la Victoria - PJ": [2.4280117048509378, 0.5270380887741692, 69], "Uni\u00f3n PRO": [6.4424681962249455, 0.4190472460431881, 40], "Uni\u00f3n C\u00edvica Radical": [6.414245053636227, 0.44298233969289563, 35], "Coalici\u00f3n C\u00edvica": [6.668866228151467, 0.5196364582699005, 5], "Federal Unidos por una Nueva Argentina": [1.659276674089849, 0.4738476048468106, 22], "Justicialista": [1.4733160569149193, 0.6007942825581492, 16]}}, [3.302519616963617, 2.5512507191625464]], "shortest_paths_ideology": [{"Justicialismo": {"Justicialismo": [1.1271461607351354, 0.43471426664739954, 69], "Cambiemos": [6.3444473826503085, 0.4055840514496339, 80], "Peronismo disidente": [2.4910458150469394, 0.5001191811167361, 38]}, "Cambiemos": {"Justicialismo": [6.3444473826503085, 0.4055840514496339, 69], "Cambiemos": [0.7559495746296568, 0.3361650706241226, 80], "Peronismo disidente": [6.312136278195518, 0.4214330564191631, 38]}, "Peronismo disidente": {"Justicialismo": [2.4910458150469394, 0.5001191811167361, 69], "Cambiemos": [6.312136278195518, 0.4214330564191631, 80], "Peronismo disidente": [1.4664617722698552, 0.5322478725228293, 38]}}, [3.0877026404507313, 2.531858956785465]]}