{"alpha": 0.25, "div_comm": [2.9645288853458243, 3], "div_party": [12.12085936056187, 38], "info_mutua": 0.6503190842891946, "modularity_ideology": 0.40926246861694804, "modularity_community": 0.6100253257292786, "modularity_party": 0.2875408848523057, "shortest_path_mean": 3.529533105902243, "shortest_paths_pps": [{"Frente para la Victoria - PJ": {"Frente para la Victoria - PJ": [1.021654077018105, 0.39773854273459797, 64], "PRO": [3.749377758130803, 0.4224121772946248, 49], "Uni\u00f3n C\u00edvica Radical": [3.8730315311020624, 0.4961080797655059, 36], "Coalici\u00f3n C\u00edvica": [4.08139569283488, 0.5509061524203309, 10], "Justicialista": [2.4190507905426544, 0.5388204401013124, 19], "Federal Unidos por una Nueva Argentina": [2.328464333406649, 0.3608325517042491, 14]}, "PRO": {"Frente para la Victoria - PJ": [3.749377758130803, 0.4224121772946248, 64], "PRO": [1.158851963199648, 0.7599443425451003, 49], "Uni\u00f3n C\u00edvica Radical": [1.267226707782891, 0.8337108218232797, 36], "Coalici\u00f3n C\u00edvica": [1.7805489902753968, 0.9097298773566446, 10], "Justicialista": [2.6395438249502368, 0.5729311991347351, 19], "Federal Unidos por una Nueva Argentina": [2.9795999207676966, 0.3885777240927142, 14]}, "Uni\u00f3n C\u00edvica Radical": {"Frente para la Victoria - PJ": [3.8730315311020624, 0.4961080797655059, 64], "PRO": [1.267226707782891, 0.8337108218232797, 49], "Uni\u00f3n C\u00edvica Radical": [1.3206056031987259, 0.8676107452257368, 36], "Coalici\u00f3n C\u00edvica": [1.8840209076607761, 0.9504901295493731, 10], "Justicialista": [2.7572752189370844, 0.599477391008473, 19], "Federal Unidos por una Nueva Argentina": [3.1097085587666777, 0.4335875817266961, 14]}, "Coalici\u00f3n C\u00edvica": {"Frente para la Victoria - PJ": [4.08139569283488, 0.5509061524203309, 64], "PRO": [1.7805489902753968, 0.9097298773566446, 49], "Uni\u00f3n C\u00edvica Radical": [1.8840209076607761, 0.9504901295493731, 36], "Coalici\u00f3n C\u00edvica": [2.1036032078038236, 0.9860493741839736, 10], "Justicialista": [3.0010641384020933, 0.6649320891980179, 19], "Federal Unidos por una Nueva Argentina": [3.368353660264343, 0.4659087476715022, 14]}, "Justicialista": {"Frente para la Victoria - PJ": [2.4190507905426544, 0.5388204401013124, 64], "PRO": [2.6395438249502368, 0.5729311991347351, 49], "Uni\u00f3n C\u00edvica Radical": [2.7572752189370844, 0.599477391008473, 36], "Coalici\u00f3n C\u00edvica": [3.0010641384020933, 0.6649320891980179, 10], "Justicialista": [1.3131911890442967, 0.5732226925654333, 19], "Federal Unidos por una Nueva Argentina": [1.4346982307792853, 0.4732605215153992, 14]}, "Federal Unidos por una Nueva Argentina": {"Frente para la Victoria - PJ": [2.328464333406649, 0.3608325517042491, 64], "PRO": [2.9795999207676966, 0.3885777240927142, 49], "Uni\u00f3n C\u00edvica Radical": [3.1097085587666777, 0.4335875817266961, 36], "Coalici\u00f3n C\u00edvica": [3.368353660264343, 0.4659087476715022, 10], "Justicialista": [1.4346982307792853, 0.4732605215153992, 19], "Federal Unidos por una Nueva Argentina": [0.8328668355070249, 0.1895823994978442, 14]}}, [2.2616119269940573, 1.2857561433716092]], "shortest_paths_ideology": [{"Justicialismo": {"Justicialismo": [1.021654077018105, 0.39773854273459797, 64], "Cambiemos": [3.831185286278236, 0.47744501875790263, 95], "Peronismo disidente": [2.380620172363743, 0.4737077563896034, 33]}, "Cambiemos": {"Justicialismo": [3.831185286278236, 0.47744501875790263, 64], "Cambiemos": [1.3611169119968474, 0.8763949802678979, 95], "Peronismo disidente": [2.869684819387588, 0.5640789831705998, 33]}, "Peronismo disidente": {"Justicialismo": [2.380620172363743, 0.4737077563896034, 64], "Cambiemos": [2.869684819387588, 0.5640789831705998, 95], "Peronismo disidente": [1.29162178928978, 0.5217111707502691, 33]}}, [2.1693366406336247, 1.27232569225344]]}