{"alpha": 0.17, "div_comm": [2.8953421410446976, 3], "div_party": [13.112993554692878, 42], "info_mutua": 0.60257445403763, "modularity_ideology": 0.4207203714524781, "modularity_community": 0.5560341140057474, "modularity_party": 0.30751187112275963, "shortest_path_mean": 4.341003483009598, "shortest_paths_pps": [{"Frente para la Victoria - PJ": {"Frente para la Victoria - PJ": [1.2438824284773182, 0.5030165176334321, 63], "PRO": [3.436366551935795, 0.5982972467875696, 52], "Uni\u00f3n C\u00edvica Radical": [3.0789807359951373, 0.5771716065992722, 37], "Coalici\u00f3n C\u00edvica": [3.5148866185606025, 0.5752518098577609, 9], "Justicialista": [1.999025256860849, 0.657199337300349, 13], "Federal Unidos por una Nueva Argentina": [2.455001617705034, 0.49815860283860136, 11]}, "PRO": {"Frente para la Victoria - PJ": [3.436366551935795, 0.5982972467875696, 63], "PRO": [1.279916063658656, 0.5221874497944441, 52], "Uni\u00f3n C\u00edvica Radical": [1.2838611210808788, 0.487549445559928, 37], "Coalici\u00f3n C\u00edvica": [1.7121437791374041, 0.4382316394267398, 9], "Justicialista": [2.4569765412100937, 0.574015185547217, 13], "Federal Unidos por una Nueva Argentina": [2.375470305136421, 0.46707046947178393, 11]}, "Uni\u00f3n C\u00edvica Radical": {"Frente para la Victoria - PJ": [3.0789807359951373, 0.5771716065992722, 63], "PRO": [1.2838611210808788, 0.487549445559928, 52], "Uni\u00f3n C\u00edvica Radical": [1.0805215141929205, 0.44195965644778573, 37], "Coalici\u00f3n C\u00edvica": [1.6977862146492912, 0.4581459187453201, 9], "Justicialista": [2.12131139702342, 0.5608712230071278, 13], "Federal Unidos por una Nueva Argentina": [2.0585030742563424, 0.4354164166263688, 11]}, "Coalici\u00f3n C\u00edvica": {"Frente para la Victoria - PJ": [3.5148866185606025, 0.5752518098577609, 63], "PRO": [1.7121437791374041, 0.4382316394267398, 52], "Uni\u00f3n C\u00edvica Radical": [1.6977862146492912, 0.4581459187453201, 37], "Coalici\u00f3n C\u00edvica": [1.3115878512417822, 0.4925971301401096, 9], "Justicialista": [2.824700752355057, 0.5019816098886344, 13], "Federal Unidos por una Nueva Argentina": [2.8004800786804815, 0.42093063475772535, 11]}, "Justicialista": {"Frente para la Victoria - PJ": [1.999025256860849, 0.657199337300349, 63], "PRO": [2.4569765412100937, 0.574015185547217, 52], "Uni\u00f3n C\u00edvica Radical": [2.12131139702342, 0.5608712230071278, 37], "Coalici\u00f3n C\u00edvica": [2.824700752355057, 0.5019816098886344, 9], "Justicialista": [1.4517484611603702, 0.556387944844409, 13], "Federal Unidos por una Nueva Argentina": [1.5682463923932715, 0.5481336262536307, 11]}, "Federal Unidos por una Nueva Argentina": {"Frente para la Victoria - PJ": [2.455001617705034, 0.49815860283860136, 63], "PRO": [2.375470305136421, 0.46707046947178393, 52], "Uni\u00f3n C\u00edvica Radical": [2.0585030742563424, 0.4354164166263688, 37], "Coalici\u00f3n C\u00edvica": [2.8004800786804815, 0.42093063475772535, 9], "Justicialista": [1.5682463923932715, 0.5481336262536307, 13], "Federal Unidos por una Nueva Argentina": [1.3255153570105442, 0.45111070060589603, 11]}}, [2.0570455862355703, 1.047182260640664]], "shortest_paths_ideology": [{"Justicialismo": {"Justicialismo": [1.2438824284773182, 0.5030165176334321, 63], "Cambiemos": [3.3086461989747633, 0.6152857958766678, 98], "Peronismo disidente": [2.2080144222477673, 0.6319100698769132, 24]}, "Cambiemos": {"Justicialismo": [3.3086461989747633, 0.6152857958766678, 63], "Cambiemos": [1.3257002451743487, 0.5188862932485394, 98], "Peronismo disidente": [2.3323062097795755, 0.5596188467092947, 24]}, "Peronismo disidente": {"Justicialismo": [2.2080144222477673, 0.6319100698769132, 63], "Cambiemos": [2.3323062097795755, 0.5596188467092947, 98], "Peronismo disidente": [1.486952748979444, 0.5409946283366465, 24]}}, [1.9804392273965186, 1.0201185281141798]]}