{"alpha": 0.06, "info_mutua": 0.30122873160634844, "modularity_ideology": -0.005292618582491193, "modularity_community": 0.29563159748168377, "modularity_party": -0.025158030990011532, "shortest_path_mean": 5.071351278372499}