{"alpha": 0.3, "div_comm": [2.962020649841024, 4], "div_party": [5.067609132554627, 18], "info_mutua": 0.6168052902766294, "modularity_ideology": 0.2595788874725346, "modularity_community": 0.3140833586818316, "modularity_party": 0.1965340262087855, "shortest_path_mean": 2.1164301300473185, "shortest_paths_pps": [{"Frente de Todos": {"Frente de Todos": [1.346819772995349, 0.6297110640350816, 113], "PRO": [1.9619604633474246, 0.6310178974230691, 35], "Uni\u00f3n C\u00edvica Radical": [2.684584667861414, 0.5996598035146239, 42], "Coalici\u00f3n C\u00edvica": [2.7001209794656376, 0.27819532569468264, 14], "C\u00f3rdoba Federal": [1.3143191165173014, 0.5937720606067446, 2], "Consenso Federal": [1.8280424287181094, 0.4031239627754931, 2], "Justicialista": [1.8735046687358798, 0.3467967088570608, 2], "Socialista": [1.6208063428303907, 0.4186276986827833, 1]}, "PRO": {"Frente de Todos": [1.9619604633474246, 0.6310178974230691, 113], "PRO": [1.2425572509420648, 0.7425595141330193, 35], "Uni\u00f3n C\u00edvica Radical": [1.6180655754985562, 0.6468484716899019, 42], "Coalici\u00f3n C\u00edvica": [1.7541047196243895, 0.6977091082412338, 14], "C\u00f3rdoba Federal": [1.882885719381646, 0.5457223834927223, 2], "Consenso Federal": [2.0039788745772174, 0.7807020778903384, 2], "Justicialista": [2.125072029772789, 0.9443788670492201, 2], "Socialista": [3.4097684424152375, 0.5457223834927225, 1]}, "Uni\u00f3n C\u00edvica Radical": {"Frente de Todos": [2.684584667861414, 0.5996598035146239, 113], "PRO": [1.6180655754985562, 0.6468484716899019, 35], "Uni\u00f3n C\u00edvica Radical": [1.2180142142673964, 0.5723044777457119, 42], "Coalici\u00f3n C\u00edvica": [1.0945407452948206, 0.6262714041653062, 14], "C\u00f3rdoba Federal": [2.619898584792157, 0.5380097616821884, 2], "Consenso Federal": [2.9695770819922114, 0.6798993810408698, 2], "Justicialista": [3.319255579192268, 0.6249173787037869, 2], "Socialista": [4.14678130782575, 0.5380097616821882, 1]}, "Coalici\u00f3n C\u00edvica": {"Frente de Todos": [2.7001209794656376, 0.27819532569468264, 113], "PRO": [1.7541047196243895, 0.6977091082412338, 35], "Uni\u00f3n C\u00edvica Radical": [1.0945407452948206, 0.6262714041653062, 42], "Coalici\u00f3n C\u00edvica": [0.826372214030329, 0.47499692350534933, 14], "C\u00f3rdoba Federal": [2.6366862611875255, 0.05177003087906287, 2], "Consenso Federal": [3.144143633309827, 0.5425342978147285, 2], "Justicialista": [3.6516010054321293, 0.2664222653437168, 2], "Socialista": [4.163568984221118, 0.05177003087906274, 1]}, "C\u00f3rdoba Federal": {"Frente de Todos": [1.3143191165173014, 0.5937720606067446, 113], "PRO": [1.882885719381646, 0.5457223834927223, 35], "Uni\u00f3n C\u00edvica Radical": [2.619898584792157, 0.5380097616821884, 42], "Coalici\u00f3n C\u00edvica": [2.6366862611875255, 0.05177003087906287, 14], "C\u00f3rdoba Federal": [NaN, NaN, NaN], "Consenso Federal": [1.7888543819998317, 0.0, 2], "Justicialista": [1.7888543819998317, 0.0, 2], "Socialista": [1.5268827230335917, 0.0, 1]}, "Consenso Federal": {"Frente de Todos": [1.8280424287181094, 0.4031239627754931, 113], "PRO": [2.0039788745772174, 0.7807020778903384, 35], "Uni\u00f3n C\u00edvica Radical": [2.9695770819922114, 0.6798993810408698, 42], "Coalici\u00f3n C\u00edvica": [3.144143633309827, 0.5425342978147285, 14], "C\u00f3rdoba Federal": [1.7888543819998317, 0.0, 2], "Consenso Federal": [1.7888543819998317, 0.0, 2], "Justicialista": [1.7888543819998317, 0.0, 2], "Socialista": [2.4213099140335075, 0.8944271909999157, 1]}, "Justicialista": {"Frente de Todos": [1.8735046687358798, 0.3467967088570608, 113], "PRO": [2.125072029772789, 0.9443788670492201, 35], "Uni\u00f3n C\u00edvica Radical": [3.319255579192268, 0.6249173787037869, 42], "Coalici\u00f3n C\u00edvica": [3.6516010054321293, 0.2664222653437168, 14], "C\u00f3rdoba Federal": [1.7888543819998317, 0.0, 2], "Consenso Federal": [1.7888543819998317, 0.0, 2], "Justicialista": [1.7888543819998317, 0.0, 2], "Socialista": [3.3157371050334232, 0.0, 1]}, "Socialista": {"Frente de Todos": [1.6208063428303907, 0.4186276986827833, 113], "PRO": [3.4097684424152375, 0.5457223834927225, 35], "Uni\u00f3n C\u00edvica Radical": [4.14678130782575, 0.5380097616821882, 42], "Coalici\u00f3n C\u00edvica": [4.163568984221118, 0.05177003087906274, 14], "C\u00f3rdoba Federal": [1.5268827230335917, 0.0, 2], "Consenso Federal": [2.4213099140335075, 0.8944271909999157, 2], "Justicialista": [3.3157371050334232, 0.0, 2], "Socialista": [NaN, NaN, NaN]}}, [1.9755548926054853, 0.8628924266165849]], "shortest_paths_ideology": [{"Justicialismo": {"Justicialismo": [1.346819772995349, 0.6297110640350816, 113], "Cambiemos": [2.4090424832951447, 0.675258384167288, 91], "Peronismo disidente": [1.779458035138623, 0.4161775352669155, 7]}, "Cambiemos": {"Justicialismo": [2.4090424832951447, 0.675258384167288, 113], "Cambiemos": [1.4029033800009036, 0.6943374791307271, 91], "Peronismo disidente": [2.8023135474310656, 0.9353598197787445, 7]}, "Peronismo disidente": {"Justicialismo": [1.779458035138623, 0.4161775352669155, 113], "Cambiemos": [2.8023135474310656, 0.9353598197787445, 91], "Peronismo disidente": [1.9996728926777232, 0.5962847939999438, 7]}}, [1.9226919724794829, 0.8572568315761109]]}